x,y,z
-0.166,-0.063,10.007
-0.139,-0.08,10.014
-0.161,-0.085,9.951
-0.161,-0.061,9.995
-0.182,-0.042,9.999
-0.173,-0.054,9.985
-0.17,-0.08,9.985
-0.194,-0.068,10.021
-0.158,-0.08,9.959
-0.163,-0.078,9.947
-0.168,-0.068,9.98
-0.149,-0.061,10.002
-0.168,-0.037,9.978
-0.151,-0.044,9.99
-0.154,-0.075,9.961
-0.168,-0.092,9.961
-0.158,-0.07,9.987
-0.218,-0.078,9.983
-0.156,-0.042,9.978
-0.161,-0.066,9.971
-0.163,-0.068,9.999
-0.175,-0.092,9.942
-0.197,-0.018,9.987
-0.182,-0.061,10.014
-0.185,-0.066,9.995
-0.134,-0.106,9.992
-0.19,-0.049,9.997
-0.199,-0.099,9.983
-0.139,-0.07,9.975
-0.154,-0.09,9.963
-0.166,-0.042,10.007
-0.185,-0.056,9.966
-0.158,-0.056,9.951
-0.149,-0.061,9.985
-0.166,-0.044,10.002
-0.149,-0.078,9.983
-0.161,-0.068,9.99
-0.192,-0.058,9.99
-0.19,-0.061,10.035
-0.156,-0.061,9.975
-0.19,-0.051,10.069
-0.163,-0.094,10.035
-0.13,-0.099,9.966
-0.187,-0.035,10.026
-0.199,-0.056,10.018
-0.12,-0.109,9.971
-0.161,-0.106,9.956
-0.175,-0.097,9.99
-0.13,-0.078,10.059
-0.149,-0.073,9.961
-0.185,-0.097,10.026
-0.146,-0.097,9.999
-0.156,-0.049,9.992
-0.163,-0.097,10.014
-0.19,-0.082,9.997
-0.166,-0.09,9.985
-0.161,-0.109,9.959
-0.149,-0.092,9.966
-0.158,-0.099,9.973
-0.154,-0.07,9.954
-0.17,-0.078,9.978
-0.19,-0.09,10.018
-0.156,-0.116,10.002
-0.132,-0.087,9.966
-0.175,-0.061,9.985
-0.18,-0.092,9.995
-0.146,-0.039,9.971
-0.134,-0.068,9.997
-0.168,-0.061,10.002
-0.149,-0.058,9.987
-0.158,-0.037,9.968
-0.192,-0.073,9.968
-0.19,-0.073,9.98
-0.194,-0.07,9.956
-0.163,-0.085,9.995
-0.173,-0.054,10.014
-0.149,-0.094,9.956
-0.156,-0.08,9.997
-0.142,-0.037,10.009
-0.146,-0.094,9.961
-0.178,-0.082,9.975
-0.178,-0.085,10.033
-0.182,-0.08,9.98
-0.154,-0.044,10.004
-0.125,-0.102,10.009
-0.175,-0.061,10.011
-0.166,-0.092,9.959
-0.206,-0.085,9.949
-0.163,-0.102,10.038
-0.123,-0.044,9.963
-0.156,-0.066,9.995
-0.166,-0.085,10.002
-0.139,-0.049,9.995
-0.161,-0.023,9.992
-0.194,-0.116,10.023
-0.144,-0.066,10.023
-0.12,-0.049,9.959
-0.146,-0.092,10.018
-0.197,-0.087,9.987
-0.158,-0.087,9.966
-0.173,-0.073,9.961
-0.154,-0.114,9.987
-0.206,-0.102,10.021
-0.156,-0.063,9.992
-0.194,-0.087,9.975
-0.175,-0.07,10.057
-0.18,-0.051,9.987
-0.185,-0.056,9.992
-0.187,-0.051,10.014
-0.19,-0.099,10.028
-0.178,-0.07,9.954
-0.163,-0.073,10.002
-0.161,-0.08,10.009
-0.149,-0.025,9.963
-0.144,-0.07,10.014
-0.17,-0.044,10.004
-0.144,-0.109,9.925
-0.199,-0.061,9.995
-0.168,-0.075,9.971
-0.204,-0.092,9.975
-0.158,-0.051,9.939
-0.142,-0.023,9.992
-0.132,-0.109,9.997
-0.149,-0.063,9.999
-0.146,-0.085,9.98
-0.173,-0.092,9.995
-0.146,-0.099,9.98
-0.163,-0.068,9.98
-0.202,-0.056,9.973
-0.202,-0.094,9.913
-0.149,-0.056,9.872
-0.137,-0.073,9.928
-0.149,-0.061,9.93
-0.154,-0.094,9.911
-0.173,-0.044,9.894
-0.151,-0.09,9.925
-0.111,-0.039,9.925
-0.185,-0.075,9.906
-0.182,-0.058,9.928
-0.161,-0.07,9.899
-0.199,-0.068,9.923
-0.146,-0.023,9.932
-0.161,-0.085,9.959
-0.111,-0.111,9.913
-0.151,-0.068,9.904
-0.161,-0.08,9.906
-0.163,-0.085,9.913
-0.202,-0.073,9.88
-0.161,-0.09,9.904
-0.19,-0.121,9.93
-0.142,-0.082,9.908
-0.168,-0.08,9.908
-0.154,-0.058,9.937
-0.149,-0.106,9.913
-0.134,-0.061,9.899
-0.154,-0.068,9.937
-0.173,-0.073,9.954
-0.18,-0.056,9.923
-0.175,-0.092,9.908
-0.139,-0.07,9.932
-0.166,-0.049,9.932
-0.175,-0.066,9.908
-0.166,-0.073,9.99
-0.125,-0.068,9.944
-0.166,-0.058,9.904
-0.18,-0.063,9.935
-0.142,-0.051,9.949
-0.13,-0.058,9.904
-0.142,-0.063,9.904
-0.17,-0.109,9.937
-0.18,-0.063,9.939
-0.161,-0.085,9.889
-0.149,-0.09,9.925
-0.17,-0.044,9.928
-0.175,-0.063,9.916
-0.125,-0.075,9.911
-0.132,-0.061,9.973
-0.13,-0.075,9.951
-0.166,-0.049,9.913
-0.175,-0.068,9.971
-0.113,-0.07,9.918
-0.151,-0.068,9.884
-0.156,-0.066,9.935
-0.166,-0.092,9.956
-0.19,-0.058,9.911
-0.163,-0.058,9.928
-0.194,-0.078,9.93
-0.158,-0.099,9.944
-0.154,-0.07,9.901
-0.163,-0.054,9.935
-0.12,-0.082,9.973
-0.154,-0.07,9.935
-0.161,-0.073,9.944
-0.213,-0.08,9.944
-0.192,-0.073,9.918
-0.156,-0.08,9.916
-0.216,-0.128,9.956
-0.13,-0.066,9.93
-0.221,-0.054,9.911
-0.175,-0.042,9.913
-0.18,-0.027,9.951
-0.175,-0.066,9.947
-0.154,-0.07,9.911
-0.156,-0.075,9.932
-0.149,-0.073,9.959
-0.194,-0.106,9.928
-0.187,-0.042,9.916
-0.154,-0.056,9.937
-0.156,-0.056,9.959
-0.168,-0.044,9.956
-0.158,-0.046,9.966
-0.178,-0.037,9.911
-0.144,-0.102,9.92
-0.111,-0.07,9.959
-0.158,-0.044,9.913
-0.166,-0.023,9.93
-0.146,-0.068,9.944
-0.18,-0.044,9.93
-0.173,-0.09,9.901
-0.146,-0.044,9.932
-0.18,-0.058,9.942
-0.132,-0.061,9.93
-0.182,-0.054,9.916
-0.206,-0.09,9.983
-0.185,-0.087,9.985
-0.18,-0.092,9.93
-0.134,-0.063,9.949
-0.163,-0.056,9.947
-0.187,-0.104,9.947
-0.149,-0.058,9.944
-0.154,-0.063,9.932
-0.168,-0.078,9.939
-0.17,-0.061,9.92
-0.13,-0.035,9.939
-0.173,-0.073,9.973
-0.149,-0.035,9.93
-0.134,-0.073,9.947
-0.149,-0.094,9.935
-0.146,-0.068,9.93
-0.17,-0.114,9.894
-0.204,-0.046,9.98
-0.168,-0.082,9.987
-0.197,-0.039,9.889
-0.163,-0.092,9.93
-0.151,-0.08,9.971
-0.137,-0.063,9.937
-0.146,-0.085,9.949
-0.213,-0.066,9.971
-0.178,-0.078,9.925
-0.13,-0.058,9.944
-0.197,-0.073,9.951
-0.192,-0.068,9.959
-0.166,-0.061,9.939
-0.166,-0.092,9.937
-0.149,-0.08,9.959
-0.154,-0.046,9.904
-0.175,-0.085,9.901
-0.149,-0.078,9.963
-0.18,-0.082,9.928
-0.163,-0.051,9.92
-0.151,-0.042,9.954
-0.202,-0.08,9.954
-0.156,-0.082,9.939
-0.146,-0.061,9.925
-0.178,-0.037,9.951
-0.127,-0.085,9.932
-0.166,-0.039,9.944
-0.168,-0.054,9.961
-0.158,-0.085,9.932
-0.142,-0.013,9.928
-0.144,-0.037,9.947
-0.173,-0.08,9.987
-0.144,-0.042,9.939
-0.156,-0.058,9.923
-0.142,-0.082,9.985
-0.144,-0.066,9.959
-0.166,-0.097,9.956
-0.182,-0.097,9.992
-0.132,-0.075,9.987
-0.182,-0.049,9.942
-0.168,-0.104,9.901
-0.137,-0.054,9.99
-0.19,-0.042,9.928
-0.156,-0.078,9.928
-0.146,-0.09,9.956
-0.139,-0.066,9.954
-0.134,-0.085,9.973
-0.175,-0.042,9.971
-0.166,-0.042,9.966
-0.151,-0.082,9.942
-0.185,-0.085,9.93
-0.168,-0.085,9.942
-0.156,-0.066,9.949
-0.158,-0.082,9.937
-0.185,-0.078,9.956
-0.19,-0.03,9.959
-0.168,-0.102,9.925
-0.192,-0.099,9.951
-0.154,-0.082,9.963
-0.139,-0.085,9.995
-0.173,-0.046,9.956
-0.144,-0.082,9.98
-0.139,-0.085,9.959
-0.158,-0.121,9.944
-0.199,-0.07,9.928
-0.134,-0.09,9.973
-0.144,-0.068,9.928
-0.161,-0.063,9.954
-0.156,-0.087,9.935
-0.134,-0.063,9.923
-0.127,-0.046,9.98
-0.156,-0.066,9.973
-0.139,-0.066,9.93
-0.118,-0.063,9.951
-0.192,-0.051,9.944
-0.137,-0.049,9.975
-0.154,-0.08,9.935
-0.134,-0.063,9.949
-0.158,-0.066,9.956
-0.194,-0.061,9.923
-0.144,-0.075,9.918
-0.194,-0.051,9.947
-0.149,-0.039,9.925
-0.139,-0.068,9.954
-0.161,-0.066,9.978
-0.17,-0.078,9.983
-0.158,-0.063,9.983
-0.185,-0.085,9.93
-0.149,-0.092,9.925
-0.12,-0.044,9.935
-0.166,-0.121,9.942
-0.182,-0.066,9.968
-0.185,-0.068,9.954
-0.19,-0.02,9.93
-0.182,-0.054,9.956
-0.175,-0.068,9.932
-0.17,-0.09,9.961
-0.139,-0.097,9.906
-0.185,-0.054,9.98
-0.178,-0.054,9.951
-0.154,-0.075,9.935
-0.19,-0.061,9.942
-0.146,-0.09,9.968
-0.094,-0.042,9.939
-0.168,-0.082,9.93
-0.142,-0.09,9.949
-0.173,-0.073,9.951
-0.178,-0.07,9.951
-0.163,-0.08,9.956
-0.175,-0.056,9.954
-0.144,-0.07,9.935
-0.18,-0.063,9.923
-0.127,-0.09,9.975
-0.173,-0.061,9.963
-0.139,-0.078,9.92
-0.204,-0.061,9.98
-0.154,-0.075,9.949
-0.149,-0.051,9.932
-0.161,-0.07,9.954
-0.194,-0.063,9.951
-0.175,-0.068,9.947
-0.132,-0.106,9.928
-0.173,-0.02,10.004
-0.173,-0.078,9.959
-0.154,-0.066,9.985
-0.127,-0.078,9.963
-0.163,-0.073,9.975
-0.166,-0.07,9.956
-0.192,-0.082,9.99
-0.18,-0.063,9.995
-0.149,-0.087,9.968
-0.144,-0.039,9.949
-0.163,-0.063,9.987
-0.182,-0.066,9.956
-0.13,-0.085,9.947
-0.192,-0.054,9.983
-0.149,-0.001,9.968
-0.17,-0.046,9.951
-0.158,-0.061,9.954
-0.206,-0.109,9.92
-0.156,-0.094,9.963
-0.144,-0.073,9.918
-0.178,-0.039,9.968
-0.19,-0.042,9.959
-0.168,-0.068,9.928
-0.166,-0.068,9.978
-0.178,-0.097,10.021
-0.134,-0.087,9.935
-0.17,-0.063,9.942
-0.17,-0.054,9.93
-0.142,-0.099,9.942
-0.103,-0.066,9.985
-0.151,-0.066,9.999
-0.111,-0.046,9.963
-0.139,-0.063,9.916
-0.178,-0.061,9.939
-0.178,-0.058,9.954
-0.168,-0.07,9.968
-0.12,-0.09,9.916
-0.156,-0.085,9.959
-0.132,-0.063,9.966
-0.197,-0.087,9.939
-0.178,-0.092,9.985
-0.161,-0.044,9.98
-0.185,-0.073,9.951
-0.187,-0.056,9.961
-0.166,-0.085,9.973
-0.158,-0.073,9.935
-0.19,-0.063,9.939
-0.192,-0.078,9.999
-0.123,-0.063,9.963
-0.17,-0.042,9.937
-0.192,-0.061,9.954
-0.192,-0.087,9.978
-0.166,-0.07,9.959
-0.12,-0.025,9.901
-0.18,-0.099,9.947
-0.161,-0.051,9.997
-0.137,-0.056,9.923
-0.137,-0.073,9.966
-0.115,-0.049,9.959
-0.192,-0.08,9.961
-0.154,-0.066,9.928
-0.175,-0.063,10.004
-0.149,-0.051,9.975
-0.185,-0.104,9.949
-0.161,-0.066,9.947
-0.13,-0.035,9.975
-0.115,-0.068,9.947
-0.173,-0.109,9.935
-0.156,-0.085,9.975
-0.213,-0.085,9.918
-0.156,-0.078,9.928
-0.149,-0.039,9.975
-0.113,-0.087,9.93
-0.192,-0.085,9.954
-0.154,-0.075,9.983
-0.173,-0.08,9.944
-0.123,-0.085,9.908
-0.173,-0.073,9.951
-0.156,-0.087,9.947
-0.151,-0.13,9.947
-0.185,-0.056,9.985
-0.12,-0.08,9.961
-0.173,-0.063,9.942
-0.156,-0.058,9.949
-0.175,-0.094,9.925
-0.13,-0.056,9.947
-0.197,-0.07,9.963
-0.161,-0.078,9.978
-0.161,-0.056,9.987
-0.149,-0.042,9.995
-0.187,-0.07,9.939
-0.139,-0.087,9.942
-0.221,-0.085,9.932
-0.194,-0.082,9.935
-0.18,-0.054,9.956
-0.182,-0.063,9.949
-0.178,-0.054,9.966
-0.151,-0.09,9.916
-0.13,-0.099,10.002
-0.158,-0.068,9.961
-0.146,-0.075,9.916
-0.142,-0.039,9.978
-0.211,-0.023,9.961
-0.168,-0.056,9.954
-0.185,-0.08,9.963
-0.209,-0.09,9.992
-0.154,-0.02,9.98
-0.168,-0.075,9.942
-0.173,-0.07,9.992
-0.18,-0.073,9.942
-0.178,-0.08,9.918
-0.146,-0.097,9.942
-0.139,-0.08,9.968
-0.154,-0.042,9.978
-0.13,-0.109,9.959
-0.178,-0.054,9.985
-0.154,-0.102,9.959
-0.175,-0.049,9.942
-0.154,-0.07,9.987
-0.197,-0.068,9.968
-0.173,-0.061,9.937
-0.17,-0.013,9.983
-0.154,-0.051,10.004
-0.146,-0.085,9.939
-0.168,-0.068,9.928
-0.19,-0.049,9.963
-0.12,-0.056,9.971
-0.187,-0.044,9.932
-0.166,-0.066,9.942
-0.17,-0.046,9.975
-0.168,-0.056,9.949
-0.151,-0.063,9.949
-0.161,-0.118,9.978
-0.146,-0.066,9.968
-0.185,-0.085,9.944
-0.182,-0.068,10.016
-0.178,-0.039,9.968
-0.168,-0.09,9.944
-0.166,-0.049,9.947
-0.154,-0.051,9.956
-0.199,-0.087,9.963
-0.194,-0.075,9.947
-0.206,-0.078,9.975
-0.161,-0.08,9.954
-0.17,-0.054,9.887
-0.17,-0.066,9.978
-0.166,-0.092,9.985
-0.163,-0.049,9.947
-0.194,-0.085,9.954
-0.146,-0.097,9.968
-0.125,-0.078,9.935
-0.18,-0.046,9.966
-0.168,-0.092,10.009
-0.139,-0.104,9.925
-0.166,-0.082,9.971
-0.185,-0.037,9.983
-0.168,-0.097,9.973
-0.199,-0.075,9.935
-0.127,-0.044,9.973
-0.151,-0.111,9.949
-0.18,-0.054,9.951
-0.161,-0.056,9.913
-0.13,-0.063,10.011
-0.146,-0.056,9.961
-0.161,-0.075,9.937
-0.187,-0.042,9.966
-0.166,-0.063,9.959
-0.163,-0.051,9.956
-0.132,-0.082,9.932
-0.144,-0.035,9.999
-0.163,-0.032,9.971
-0.149,-0.035,9.944
-0.187,-0.063,9.963
-0.161,-0.073,9.973
-0.151,-0.073,9.911
-0.168,-0.094,9.947
-0.158,-0.078,9.961
-0.158,-0.046,9.906
-0.156,-0.032,9.961
-0.142,-0.068,9.949
-0.199,-0.015,9.995
-0.118,-0.063,9.944
-0.156,-0.09,9.944
-0.156,-0.09,9.987
-0.166,-0.09,9.928
-0.146,-0.08,9.944
-0.139,-0.078,9.956
-0.123,-0.07,9.942
-0.182,-0.075,9.911
-0.182,-0.128,9.99
-0.166,-0.085,9.961
-0.187,-0.066,9.894
-0.146,-0.042,9.963
-0.149,-0.039,9.975
-0.161,-0.097,9.971
-0.137,-0.109,9.932
-0.149,-0.09,9.956
-0.197,-0.109,9.963
-0.149,-0.051,9.968
-0.134,-0.082,9.939
-0.17,-0.082,9.992
-0.149,-0.094,9.932
-0.173,-0.085,9.949
-0.156,-0.056,9.92
-0.158,-0.058,9.93
-0.202,-0.054,9.92
-0.194,-0.07,9.956
-0.175,-0.07,9.939
-0.161,-0.054,9.93
-0.161,-0.046,9.963
-0.163,-0.104,9.942
-0.144,-0.085,9.959
-0.156,-0.08,9.947
-0.187,-0.056,9.968
-0.123,-0.035,9.975
-0.175,-0.085,9.983
-0.168,-0.039,9.954
-0.158,-0.066,9.961
-0.137,-0.046,9.983
-0.137,-0.056,9.956
-0.158,-0.046,9.973
-0.158,-0.049,9.937
-0.161,-0.044,9.968
-0.108,-0.092,9.963
-0.192,-0.051,9.978
0.312,0.673,-16.87
-2.371,-1.809,11.594
-0.123,0.29,-6.869
0.078,0.455,-0.944
-0.908,0.563,24.788
0.181,0.158,9.623
0.154,0.477,2.312
-0.482,-0.178,10.174
-0.178,-0.904,15.609
0.42,0,9.547
0.058,0.427,4.828
-0.589,0.19,11.254
-0.194,-0.248,13.306
0.137,-0.243,8.024
-0.326,0.276,7.548
-0.326,-0.068,12.327
0.159,-0.157,11.132
0.176,0.01,7.356
-0.484,-0.066,9.499
-0.436,-0.03,12.008
0.176,-0.054,9.825
0.03,0.003,8.462
-0.338,-0.116,10.476
-0.223,-0.171,10.871
0.008,0.008,9.039
-0.118,-0.008,9.602
-0.403,-0.121,10.955
-0.063,-0.164,9.992
0.02,-0.102,9.13
-0.228,-0.025,10.105
-0.23,-0.025,10.579
-0.077,-0.044,9.647
-0.07,-0.011,9.683
-0.259,-0.049,10.461
-0.163,-0.104,10.059
0.006,-0.037,9.48
-0.187,-0.046,10.045
-0.261,-0.085,10.411
-0.168,-0.08,9.779
-0.053,-0.07,9.693
-0.173,-0.003,10.241
-0.259,-0.087,10.126
-0.18,-0.046,9.664
-0.125,-0.056,9.942
-0.18,-0.066,10.315
-0.163,-0.054,9.963
-0.13,-0.037,9.64
-0.221,-0.015,10.028
-0.142,-0.075,10.239
-0.132,-0.092,9.875
-0.166,-0.07,9.762
-0.202,-0.094,10.15
-0.113,-0.085,10.069
-0.134,-0.056,9.736
-0.161,-0.054,9.884
-0.23,-0.133,10.215
-0.194,-0.039,9.975
-0.13,-0.037,9.784
-0.144,0.008,9.961
-0.168,-0.061,10.169
-0.151,-0.092,9.896
-0.168,-0.109,9.827
-0.175,-0.09,10.071
-0.108,-0.063,10.095
-0.146,-0.061,9.829
-0.151,-0.078,9.901
-0.17,-0.068,10.09
-0.168,-0.061,9.951
-0.134,-0.094,9.865
-0.142,-0.035,10.018
-0.166,-0.092,9.992
-0.132,-0.027,9.86
-0.187,-0.063,9.92
-0.13,-0.073,10.028
-0.168,-0.07,9.956
-0.12,-0.109,9.925
-0.166,-0.056,9.987
-0.168,-0.104,9.992
-0.166,-0.106,9.904
-0.221,-0.068,9.932
-0.199,-0.049,10.018
-0.123,-0.039,9.951
-0.125,-0.063,9.954
-0.156,-0.061,9.93
-0.156,-0.054,9.951
-0.163,-0.049,9.928
-0.151,-0.073,9.999
-0.13,-0.058,9.987
-0.156,-0.078,9.908
-0.158,-0.056,9.93
-0.154,-0.075,9.928
-0.139,-0.049,9.966
-0.185,-0.046,9.935
-0.163,-0.063,9.947
-0.158,-0.066,9.951
-0.134,-0.087,9.954
-0.161,-0.042,9.987
-0.175,-0.092,9.985
-0.125,-0.046,9.913
-0.17,-0.068,9.951
-0.127,-0.049,9.956
-0.149,-0.104,9.971
-0.178,-0.063,9.954
-0.182,-0.066,9.939
-0.146,-0.03,9.944
-0.123,-0.054,9.954
-0.137,-0.087,9.98
-0.19,-0.078,9.978
-0.156,-0.054,9.906
-0.178,-0.046,10.009
-0.134,-0.097,10.007
-0.19,-0.07,9.956
-0.161,-0.068,9.92
-0.166,-0.066,9.985
-0.185,-0.02,9.987
-0.161,-0.073,9.939
-0.173,-0.085,9.975
-0.142,-0.035,10.033
-0.151,-0.061,9.956
-0.192,-0.075,9.942
-0.151,-0.066,9.944
-0.19,-0.061,9.956
-0.146,-0.087,9.956
-0.206,-0.056,9.966
-0.161,-0.075,9.968
-0.154,-0.037,9.949
-0.218,-0.058,9.963
-0.161,-0.063,9.971
-0.149,-0.094,9.975
-0.19,-0.09,9.944
-0.173,-0.063,9.947
-0.194,-0.104,9.935
-0.125,-0.078,9.968
-0.168,-0.066,9.954
-0.168,-0.094,9.98
-0.144,-0.03,9.954
-0.151,-0.082,9.93
-0.118,-0.063,9.995
-0.163,-0.042,9.968
-0.118,-0.056,9.987
-0.149,-0.066,9.949
-0.156,-0.118,9.978
-0.125,-0.061,9.956
-0.173,-0.058,9.935
-0.163,-0.02,9.987
-0.142,-0.07,9.963
-0.146,-0.102,9.971
-0.163,-0.039,9.992
-0.146,-0.063,9.975
-0.163,-0.08,9.939
-0.204,-0.085,9.995
-0.144,-0.046,9.959
-0.197,-0.085,9.944
-0.146,-0.061,9.966
-0.185,-0.075,9.992
-0.204,-0.058,9.935
-0.142,-0.085,9.944
-0.168,-0.104,9.978
-0.158,-0.051,9.954
-0.154,-0.054,9.935
-0.204,-0.08,9.999
-0.158,-0.092,9.956
-0.199,-0.061,9.966
-0.173,-0.073,9.954
-0.178,-0.09,9.963
-0.154,-0.066,9.93
-0.113,-0.07,9.947
-0.151,-0.092,9.956
-0.202,-0.049,9.995
-0.142,-0.061,9.937
-0.161,-0.061,9.925
-0.182,-0.075,9.987
-0.13,-0.08,9.944
-0.13,-0.056,9.944
-0.166,-0.099,9.935
-0.158,-0.104,9.954
-0.144,-0.061,9.932
-0.115,-0.058,9.954
-0.168,-0.078,9.978
-0.149,-0.056,10.002
-0.149,-0.032,9.937
-0.134,-0.07,9.992
-0.156,-0.063,9.983
-0.168,-0.063,9.963
-0.134,-0.063,9.949
-0.144,-0.106,9.985
-0.132,-0.07,9.949
-0.156,-0.068,9.961
-0.197,-0.094,9.963
-0.173,-0.042,9.959
-0.151,-0.104,9.944
-0.149,-0.073,9.973
-0.166,-0.087,9.93
-0.139,-0.092,9.928
-0.151,-0.075,9.92
-0.139,-0.106,9.98
-0.17,-0.058,9.916
-0.199,-0.061,9.975
-0.139,-0.094,9.978
-0.149,-0.082,9.987
-0.202,-0.097,9.949
-0.161,-0.049,9.983
-0.163,-0.051,9.987
-0.139,-0.099,9.939
-0.192,-0.092,9.985
-0.175,-0.068,9.975
-0.178,-0.092,9.956
-0.137,-0.063,9.942
-0.156,-0.106,9.99
-0.173,-0.082,9.956
-0.175,-0.037,9.951
-0.142,-0.082,9.959
-0.166,-0.07,9.956
-0.175,-0.104,9.959
-0.175,-0.068,9.923
-0.137,-0.092,9.968
-0.144,-0.046,9.947
-0.192,-0.07,9.973
-0.173,-0.066,9.99
-0.158,-0.07,9.995
-0.175,-0.13,9.985
-0.144,-0.049,9.954
-0.163,-0.073,9.975
-0.161,-0.061,9.949
-0.206,-0.073,9.947
-0.13,-0.099,9.959
-0.132,-0.102,9.98
-0.206,-0.049,9.937
-0.175,-0.056,9.937
-0.123,-0.07,9.93
-0.154,-0.058,9.959
-0.156,-0.094,9.937
-0.17,-0.063,9.995
-0.139,-0.087,9.93
-0.146,-0.137,9.949
-0.156,-0.061,9.925
-0.127,-0.109,9.968
-0.161,-0.073,9.923
-0.139,-0.08,9.975
-0.154,-0.032,9.997
-0.123,-0.073,9.932
-0.142,-0.044,9.975
-0.19,-0.068,9.961
-0.115,-0.027,9.942
-0.161,-0.051,9.959
-0.146,-0.051,9.959
-0.211,-0.08,9.973
-0.146,-0.068,9.942
-0.173,-0.061,9.949
-0.154,-0.116,9.963
-0.199,-0.054,9.963
-0.151,-0.046,9.928
-0.18,-0.07,9.983
-0.185,-0.063,9.963
-0.17,-0.121,9.951
-0.156,-0.051,9.992
-0.178,-0.063,9.939
-0.134,-0.051,9.947
-0.194,-0.075,9.937
-0.18,-0.087,9.978
-0.158,-0.078,9.925
-0.204,-0.121,9.959
-0.166,-0.075,9.971
-0.166,-0.09,9.98
-0.137,-0.075,9.949
-0.168,-0.063,9.99
-0.221,-0.066,9.961
-0.161,-0.051,9.944
-0.118,-0.054,9.963
-0.154,-0.061,9.968
-0.149,-0.046,9.959
-0.149,-0.094,9.947
-0.151,-0.082,9.98
-0.185,-0.07,9.925
-0.142,-0.054,9.961
-0.106,-0.056,9.947
-0.163,-0.092,9.911
-0.187,-0.032,9.978
-0.185,-0.063,9.925
-0.168,-0.073,9.966
-0.146,-0.039,9.99
-0.166,-0.056,9.944
-0.101,-0.068,9.966
-0.163,-0.073,10.007
-0.142,-0.044,9.932
-0.149,-0.054,9.939
-0.142,-0.082,9.973
-0.134,-0.044,9.954
-0.144,-0.111,9.959
-0.146,-0.066,9.978
-0.156,-0.073,9.966
-0.154,-0.13,9.959
-0.151,-0.068,9.98
-0.187,-0.051,9.971
-0.19,-0.097,9.954
-0.127,-0.066,9.944
-0.175,-0.087,9.975
-0.154,-0.068,9.949
-0.125,-0.063,9.944
-0.163,-0.118,9.997
-0.132,-0.085,9.978
-0.146,-0.082,9.947
-0.144,-0.037,9.98
-0.173,-0.087,9.999
-0.154,-0.066,9.949
-2.921,-0.145,12.427
-1.047,0.793,39.687
2.996,0.491,17.101
-0.273,0.185,3.916
-0.628,-0.307,12.52
-1.506,-1.373,13.67
-0.273,-0.171,7.852
0.185,0.807,5.845
-0.522,0.091,13.741
-0.261,-0.547,12.803
-0.175,-0.137,6.365
-0.407,0.029,8.436
-0.331,-0.015,13.54
0.169,-0.154,10.337
-0.022,0.053,6.786
-0.53,-0.061,10.308
-0.221,-0.207,12.571
0.099,-0.128,9.2
-0.19,-0.082,8.149
-0.434,-0.061,10.835
-0.134,0.077,11.082
0.121,-0.063,8.946
-0.173,-0.145,9.554
-0.407,-0.176,11.084
-0.106,-0.066,9.93
0.02,0.089,8.932
-0.261,-0.078,10.22
-0.29,-0.147,10.641
-0.07,-0.099,9.535
-0.096,-0.058,9.619
-0.304,-0.032,10.478
-0.13,-0.049,10.028
-0.027,-0.018,9.396
-0.228,-0.039,10.059
-0.278,-0.137,10.366
-0.103,-0.118,9.777
-0.043,-0.058,9.712
-0.257,-0.054,10.205
-0.24,-0.063,10.03
-0.065,-0.068,9.623
-0.123,-0.044,9.98
-0.254,-0.094,10.248
-0.18,-0.085,9.834
-0.12,-0.068,9.662
-0.125,-0.049,10.095
-0.206,-0.114,10.179
-0.134,-0.078,9.755
-0.161,-0.092,9.815
-0.209,-0.035,10.196
-0.146,-0.063,10.023
-0.091,-0.102,9.719
-0.156,-0.025,9.963
-0.228,-0.073,10.184
-0.163,-0.066,9.889
-0.161,-0.09,9.779
-0.146,-0.051,10.066
-0.178,-0.049,10.09
-0.154,-0.097,9.781
-0.123,-0.023,9.894
-0.17,-0.046,10.145
-0.178,-0.078,10.002
-0.158,-0.102,9.774
-0.137,-0.094,9.968
-0.137,-0.082,10.107
-0.142,-0.051,9.894
-0.17,-0.066,9.858
-0.185,-0.09,10.03
-0.156,-0.068,10.028
-0.118,-0.049,9.877
-0.113,-0.046,9.954
-0.194,-0.085,10.023
-0.146,-0.078,9.951
-0.173,-0.039,9.916
-0.17,-0.051,10.021
-0.173,-0.073,9.992
-0.178,-0.085,9.916
-0.142,-0.073,9.937
-0.19,-0.09,9.985
-0.154,-0.066,9.916
-0.151,-0.063,9.899
-0.182,-0.063,9.939
-0.149,-0.061,9.975
-0.142,-0.09,9.983
-0.158,-0.085,9.961
-0.182,-0.056,9.983
-0.156,-0.063,9.975
-0.139,-0.075,9.951
-0.142,-0.044,9.923
-0.178,-0.09,9.975
-0.175,-0.106,9.971
-0.161,-0.061,9.928
-0.154,-0.027,9.98
-0.173,-0.09,9.985
-0.161,-0.082,9.968
-0.146,-0.109,9.916
-0.192,-0.051,9.951
-0.175,-0.063,9.975
-0.146,-0.063,9.932
-0.154,-0.09,9.923
-0.23,-0.08,9.932
-0.146,-0.082,9.959
-0.185,-0.049,9.928
-0.18,-0.094,9.963
-0.146,-0.082,9.992
-0.17,-0.07,9.887
-0.151,-0.056,9.949
-0.17,-0.054,9.999
-0.154,-0.08,9.923
-0.163,-0.049,9.944
-0.151,-0.08,9.959
-0.123,-0.061,9.961
-0.163,-0.056,9.923
-0.137,-0.085,9.942
-0.17,-0.07,9.942
-0.099,-0.075,9.961
-0.123,-0.044,9.947
-0.139,-0.08,9.973
-0.163,-0.094,9.985
-0.101,-0.07,9.932
-0.144,-0.068,9.98
-0.168,-0.063,9.966
-0.168,-0.13,9.973
-0.144,-0.058,9.939
-0.137,-0.051,9.968
-0.156,-0.058,9.992
-0.156,-0.063,9.961
-0.197,-0.063,9.954
-0.151,-0.087,9.99
-0.156,-0.056,9.963
-0.178,-0.063,9.935
-0.146,-0.061,9.939
-0.168,-0.075,9.939
-0.17,-0.044,9.971
-0.142,-0.085,9.959
-0.134,-0.097,9.973
-0.134,-0.061,9.959
-0.123,-0.092,9.968
-0.158,-0.013,9.963
-0.146,-0.094,9.975
-0.139,-0.049,9.966
-0.146,-0.066,9.999
-0.163,-0.073,9.951
-0.127,-0.092,10.002
-0.19,-0.07,10.002
-0.17,-0.099,9.959
-0.13,-0.051,9.949
-0.156,-0.051,9.954
-0.166,-0.051,9.99
-0.154,-0.068,9.947
-0.166,-0.111,9.954
-0.111,-0.078,9.971
-0.175,-0.099,9.942
-0.144,-0.054,9.92
-0.156,-0.066,9.978
-0.166,-0.075,9.949
-0.182,-0.056,9.944
-0.144,-0.094,9.961
-0.149,-0.068,9.956
-0.137,-0.082,9.983
-0.168,-0.039,10.002
-0.158,-0.085,10.002
-0.154,-0.075,9.93
-0.158,-0.035,9.928
-0.142,-0.085,9.975
-0.166,-0.078,9.999
-0.154,-0.066,9.978
-0.091,-0.078,9.949
-0.173,-0.09,9.968
-0.137,-0.075,9.942
-0.173,-0.07,9.911
-0.185,-0.097,10.009
-0.132,-0.058,9.951
-0.154,-0.118,9.961
-0.168,-0.085,9.932
-0.158,-0.111,9.983
-0.168,-0.109,9.983
-0.12,-0.073,9.932
-0.151,-0.018,9.987
-0.156,-0.063,9.983
-0.161,-0.094,9.954
-0.146,-0.066,9.951
-0.168,-0.07,9.975
-0.161,-0.078,9.987
-0.154,-0.035,9.939
-0.149,-0.07,9.947
-0.182,-0.08,9.942
-0.12,-0.066,9.937
-0.139,-0.097,9.961
-0.149,-0.061,9.975
-0.146,-0.061,9.918
-0.127,-0.061,9.947
-0.161,-0.07,10.007
-0.134,-0.023,9.98
-0.146,-0.063,9.925
-0.146,-0.073,9.973
-0.182,-0.092,9.959
-0.134,-0.061,9.947
-0.163,-0.073,9.956
-0.134,-0.049,9.925
-0.137,-0.087,9.954
-0.151,-0.078,9.966
-0.158,-0.068,9.971
-0.163,-0.044,9.98
-0.182,-0.051,9.939
-0.161,-0.085,9.963
-0.137,-0.085,9.985
-0.123,-0.061,9.947
-0.175,-0.094,9.975
-0.139,-0.085,9.968
-0.158,-0.068,9.978
-0.115,-0.087,9.932
-0.132,-0.066,9.985
-0.166,-0.092,9.923
-0.118,-0.099,9.939
-0.168,-0.102,9.971
-0.139,-0.056,9.963
-0.173,-0.078,9.947
-0.168,-0.049,9.968
-0.146,-0.097,9.966
-0.139,-0.044,9.968
-0.178,-0.068,9.949
-0.156,-0.075,9.959
-0.187,-0.058,9.997
-0.154,-0.058,9.961
-0.182,-0.09,9.947
-0.146,-0.063,9.963
-0.166,-0.068,9.932
-0.149,-0.056,9.947
-0.166,-0.058,9.963
-0.199,-0.085,10.002
-0.118,-0.068,9.935
-0.182,-0.08,9.959
-0.156,-0.092,9.999
-0.166,-0.075,9.973
-0.154,-0.061,9.956
-0.178,-0.092,10.009
-0.17,-0.092,9.959
-0.194,-0.075,9.963
-0.13,-0.085,9.973
-0.161,-0.056,9.966
-0.175,-0.027,9.901
-0.144,-0.085,9.942
-0.185,-0.073,9.978
-0.132,-0.039,9.992
-0.156,-0.058,9.954
-0.142,-0.08,9.975
-0.175,-0.08,9.987
-0.175,-0.051,9.918
-0.163,-0.09,9.978
-0.137,-0.061,10.007
-0.103,-0.07,9.947
-0.156,-0.08,9.916
-0.173,-0.073,9.983
-0.132,-0.082,9.973
-0.168,-0.092,9.913
-0.151,-0.14,9.975
-0.12,-0.058,9.978
-0.144,-0.082,9.951
-0.187,-0.078,10.011
-0.168,-0.085,9.939
-0.156,-0.063,9.939
-0.166,-0.109,9.944
-0.17,-0.063,9.954
-0.142,-0.073,9.959
-0.17,-0.066,9.928
-0.175,-0.054,9.963
-0.132,-0.049,9.963
-0.146,-0.092,9.923
-0.185,-0.07,9.956
-0.192,-0.07,9.968
-0.163,-0.018,9.963
-0.185,-0.075,9.99
-0.18,-0.044,9.99
-0.127,-0.061,9.971
-0.173,-0.056,9.944
-0.206,-0.106,9.956
-0.144,-0.087,9.987
-0.163,-0.044,9.928
-0.178,-0.063,9.983
-0.156,-0.094,9.999
-0.144,-0.056,9.963
-0.154,-0.13,9.971
-0.178,-0.087,9.992
-0.13,-0.054,9.951
-0.146,-0.039,9.963
-0.142,-0.099,9.932
-0.213,-0.085,9.966
-0.161,-0.094,9.987
-0.134,-0.039,9.942
-0.175,-0.058,9.954
-0.132,-0.085,9.947
-0.13,-0.051,9.947
-0.149,-0.058,9.956
-0.17,-0.025,9.971
-0.17,-0.068,9.944
-0.142,-0.07,9.961
-0.17,-0.054,10.018
-0.127,-0.075,9.971
-0.106,-0.063,9.906
-0.146,-0.051,9.944
-0.17,-0.085,9.954
-0.154,-0.094,9.954
-0.156,-0.049,9.959
-0.137,-0.104,9.975
-0.146,-0.066,9.961
-0.182,-0.082,9.959
-0.187,-0.061,9.983
-0.127,-0.111,9.983
-0.166,-0.056,9.928
-0.168,-0.056,9.99
-0.118,-0.058,9.961
-0.163,-0.054,9.961
-0.156,-0.07,9.951
-0.146,-0.07,9.968
-0.18,-0.042,9.973
-0.17,-0.092,9.956
-0.151,-0.056,9.959
-0.156,-0.054,9.959
-0.13,-0.114,9.954
-0.163,-0.049,9.963
-0.146,-0.063,9.98
-0.194,-0.056,9.937
-0.154,-0.068,9.961
-0.18,-0.046,9.987
-0.19,-0.035,9.918
-0.163,-0.094,9.951
-0.151,-0.042,9.975
-0.163,-0.039,9.971
-0.132,-0.061,9.939
-0.166,-0.09,9.925
-0.161,-0.063,10.004
-0.158,-0.063,9.978
-0.154,-0.087,9.975
-0.146,-0.082,9.93
-0.18,-0.054,9.978
-0.118,-0.075,9.942
-0.156,-0.073,9.949
-0.161,-0.044,9.968
-0.115,-0.039,9.944
-0.154,-0.068,9.954
-0.163,-0.085,9.992
-0.144,-0.037,9.954
-0.206,-0.082,9.942
-0.125,-0.032,9.961
-0.158,-0.085,9.971
-0.168,-0.104,9.992
-0.194,-0.066,9.971
-0.139,-0.102,9.959
-0.151,-0.085,9.944
-0.103,-0.02,9.93
-0.175,-0.087,9.966
-0.156,-0.087,9.932
-0.13,-0.097,9.968
-0.163,-0.02,9.954
-0.178,-0.056,9.949
-0.137,-0.106,9.944
-0.175,-0.09,9.961
-0.173,-0.087,9.975
-0.175,-0.046,9.944
-0.161,-0.092,9.92
-0.17,-0.094,9.971
-0.156,-0.037,9.959
-0.161,-0.023,9.913
-0.139,-0.061,9.973
-0.163,-0.056,9.954
-0.19,-0.097,9.951
-0.139,-0.094,9.956
-0.158,-0.046,9.937
-0.142,-0.058,9.942
-0.161,-0.121,10.193
1.098,1.097,1.215
2.639,-0.944,16.445
0.272,-0.013,-1.492
0.003,0.46,5.34
0.252,-0.947,23.785
1.488,-0.003,12.537
-0.022,0.905,2.328
-0.218,-0.37,11.173
-0.252,-0.851,14.742
0.207,0.008,8.498
-0.07,0.51,5.826
-0.594,-0.109,12.88
-0.029,-0.36,12.753
0.023,-0.276,7.019
-0.309,0.247,8.395
-0.398,-0.123,13.026
0.07,-0.202,10.581
-0.043,-0.056,7.382
-0.585,-0.152,10.301
-0.259,0.027,12.049
0.245,-0.02,9.252
-0.041,-0.037,8.45
-0.501,-0.212,10.974
-0.247,-0.145,10.878
0.054,0.079,8.905
-0.139,-0.03,9.7
-0.3,-0.125,10.991
-0.099,-0.125,9.774
-0.041,-0.07,9.157
-0.316,-0.03,10.411
-0.206,-0.056,10.612
-0.003,-0.003,9.42
-0.132,-0.051,9.664
-0.309,-0.094,10.512
-0.151,-0.07,9.997
-0.012,0.008,9.506
-0.175,-0.097,10.114
-0.257,-0.102,10.349
-0.046,-0.092,9.652
-0.094,-0.035,9.664
-0.221,-0.068,10.306
-0.216,-0.102,10.133
-0.111,-0.104,9.609
-0.127,-0.114,9.975
-0.206,-0.066,10.311
-0.192,-0.032,9.851
-0.154,-0.08,9.664
-0.199,-0.042,10.165
-0.163,-0.025,10.224
-0.12,-0.068,9.813
-0.108,-0.092,9.81
-0.19,-0.058,10.224
-0.12,-0.056,10.028
-0.146,-0.102,9.753
-0.156,-0.102,9.975
-0.204,-0.094,10.188
-0.185,-0.054,9.86
-0.123,-0.068,9.815
-0.166,-0.073,10.124
-0.127,-0.066,10.117
-0.13,-0.092,9.781
-0.17,-0.07,9.911
-0.137,-0.061,10.145
-0.13,-0.068,9.961
-0.132,-0.049,9.805
-0.149,-0.073,10.009
-0.149,-0.073,10.109
-0.101,-0.075,9.877
-0.168,-0.078,9.944
-0.211,-0.109,10.042
-0.168,-0.094,10.009
-0.113,-0.07,9.93
-0.158,-0.078,9.963
-0.166,-0.092,10.028
-0.175,-0.09,9.923
-0.187,-0.049,9.887
-0.19,-0.082,9.973
-0.17,-0.099,10.014
-0.146,-0.039,9.968
-0.118,-0.082,9.93
-0.132,-0.027,9.995
-0.151,-0.068,9.99
-0.13,-0.037,9.93
-0.139,-0.075,9.932
-0.149,-0.068,9.98
-0.146,-0.044,9.971
-0.144,-0.058,9.904
-0.166,-0.044,9.954
-0.168,-0.094,9.973
-0.12,-0.051,9.944
-0.144,-0.058,9.951
-0.156,-0.075,9.959
-0.185,-0.094,9.911
-0.13,-0.082,9.932
-0.146,-0.058,9.954
-0.134,-0.032,9.985
-0.108,-0.07,9.98
-0.13,-0.056,9.949
-0.154,-0.078,9.987
-0.168,-0.092,9.973
-0.151,-0.104,9.904
-0.18,-0.061,9.935
-0.163,-0.092,9.928
-0.149,-0.085,9.942
-0.156,-0.066,9.918
-0.144,-0.078,9.999
-0.187,-0.073,9.997
-0.154,-0.027,9.901
-0.17,-0.073,9.961
-0.161,-0.075,9.98
-0.168,-0.049,9.935
-0.149,-0.058,9.942
-0.17,-0.116,9.985
-0.166,-0.09,10.002
-0.149,-0.09,9.959
-0.134,-0.097,9.956
-0.154,-0.046,9.995
-0.125,-0.085,9.937
-0.137,-0.068,9.978
-0.099,-0.102,9.975
-0.161,-0.082,9.983
-0.158,-0.07,9.975
-0.113,-0.044,9.951
-0.151,-0.073,9.987
-0.123,-0.061,9.992
-0.185,-0.07,9.959
-0.163,-0.025,9.98
-0.139,-0.063,9.935
-0.144,-0.075,9.995
-0.182,-0.046,9.971
-0.163,-0.066,9.944
-0.134,-0.054,9.978
-0.115,-0.075,9.975
-0.166,-0.049,9.937
-0.115,-0.087,9.937
-0.132,-0.046,9.951
-0.166,-0.08,9.992
-0.161,-0.075,9.939
-0.149,-0.058,9.951
-0.12,-0.049,9.987
-0.123,-0.09,9.959
-0.17,-0.07,9.942
-0.139,-0.056,9.987
-0.19,-0.07,9.963
-0.149,-0.087,9.963
-0.149,-0.121,9.942
-0.151,-0.085,9.987
-0.182,-0.073,9.947
-0.156,-0.068,9.968
-0.142,-0.078,9.961
-0.19,-0.058,9.99
-0.137,-0.061,9.973
-0.166,-0.109,9.968
-0.137,-0.051,10.014
-0.149,-0.063,9.947
-0.118,-0.066,9.978
-0.161,-0.099,9.959
-0.139,-0.061,9.92
-0.175,-0.061,9.961
-0.163,-0.054,9.942
-0.144,-0.044,9.928
-0.17,-0.085,9.949
-0.125,-0.054,9.968
-0.113,-0.08,9.99
-0.149,-0.054,9.971
-0.17,-0.061,9.959
-0.125,-0.061,9.992
-0.146,-0.087,9.975
-0.125,-0.063,9.937
-0.187,-0.008,9.975
-0.149,-0.087,9.956
-0.146,-0.078,9.947
-0.182,-0.078,9.99
-0.185,-0.078,9.98
-0.161,-0.08,9.961
-0.175,-0.073,9.932
-0.178,-0.102,9.971
-0.197,-0.066,9.939
-0.175,-0.061,9.932
-0.175,-0.051,9.932
-0.168,-0.063,9.992
-0.151,-0.09,9.983
-0.166,-0.085,9.913
-0.137,-0.035,9.987
-0.146,-0.094,9.971
-0.156,-0.042,9.961
-0.17,-0.094,9.966
-0.19,-0.106,9.954
-0.182,-0.082,9.923
-0.158,-0.054,9.99
-0.163,-0.051,9.944
-0.144,-0.049,9.966
-0.185,-0.073,9.954
-0.213,-0.066,9.985
-0.149,-0.075,9.983
-0.187,-0.054,9.949
-0.197,-0.051,9.939
-0.139,-0.097,9.98
-0.161,-0.102,9.939
-0.156,-0.104,9.911
-0.166,-0.049,9.987
-0.194,-0.068,9.956
-0.111,-0.082,9.928
-0.134,-0.08,9.966
-0.199,-0.092,9.973
-0.156,-0.063,9.92
-0.218,-0.066,9.985
-0.209,-0.066,9.968
-0.163,-0.066,9.93
-0.142,-0.054,9.956
-0.134,-0.058,9.983
-0.13,-0.09,9.973
-0.146,-0.073,9.954
-0.154,-0.07,9.949
-0.166,-0.07,9.978
-0.199,-0.051,9.944
-0.146,-0.063,9.971
-0.158,-0.094,9.98
-0.161,-0.08,9.995
-0.144,-0.063,9.947
-0.134,-0.09,9.992
-0.134,-0.039,9.932
-0.168,-0.042,9.942
-0.178,-0.049,9.983
-0.156,-0.056,9.987
-0.142,-0.066,9.949
-0.154,-0.09,9.947
-0.216,-0.111,9.973
-0.156,-0.097,9.956
-0.175,-0.056,9.954
-0.158,-0.075,9.966
-0.154,-0.09,9.956
-0.19,-0.075,9.923
-0.151,-0.049,9.954
-0.144,-0.082,9.956
-0.185,-0.092,9.98
-0.127,-0.075,9.896
-0.149,-0.027,9.956
-0.161,-0.027,9.971
-0.161,-0.087,9.956
-0.204,-0.08,9.975
-0.144,-0.061,9.978
-0.166,-0.073,9.954
-0.18,-0.051,9.978
-0.156,-0.056,9.978
-0.158,-0.073,9.987
-0.154,-0.044,9.959
-0.156,-0.061,9.939
-0.132,-0.039,9.975
-0.125,-0.066,9.939
-0.137,-0.078,9.98
-0.173,-0.08,9.959
-0.161,-0.042,9.928
-0.182,-0.068,9.932
-0.137,-0.049,9.944
-0.168,-0.092,9.911
-0.175,-0.044,9.951
-0.13,-0.08,9.999
-0.178,-0.073,9.968
-0.101,-0.097,9.978
-0.166,-0.094,9.935
-0.154,-0.097,9.971
-0.166,-0.073,9.961
-0.12,-0.08,9.923
-0.13,-0.106,9.951
-0.156,-0.058,9.983
-0.173,-0.023,9.954
-0.123,-0.085,9.973
-0.166,-0.102,9.973
-0.154,-0.114,9.978
-0.192,-0.056,9.956
-0.156,-0.073,9.987
-0.091,-0.111,9.951
-0.163,-0.082,9.932
-0.146,-0.066,9.978
-0.13,-0.049,9.935
-0.123,-0.008,9.956
-0.161,-0.111,9.937
-0.142,-0.082,9.961
-0.132,-0.087,9.985
-0.187,-0.063,9.928
-0.144,-0.063,9.983
-0.161,-0.056,9.942
-0.127,-0.08,9.923
-0.082,-0.075,9.98
-0.13,-0.063,9.973
-0.139,-0.044,9.937
-0.156,-0.078,9.963
-0.149,-0.061,9.99
-0.13,-0.056,9.959
-0.154,-0.058,9.951
-0.166,-0.109,9.997
-0.187,-0.08,9.997
-0.142,-0.015,9.942
-0.17,-0.051,9.975
-0.125,-0.085,9.956
-0.142,-0.054,9.947
-0.134,-0.044,9.932
-0.137,-0.054,9.997
-0.118,-0.044,9.971
-0.187,-0.051,9.918
-0.218,-0.085,9.908
-0.156,-0.049,9.954
-0.197,-0.063,9.959
-0.139,-0.058,9.956
-0.144,-0.114,9.961
-0.166,-0.104,9.954
-0.149,-0.049,9.959
-0.527,-0.274,12.451
1.6,2.062,32.464
2.594,1.063,19.684
0.631,-0.073,1.553
-0.407,-0.683,6.264
-0.668,-1.768,16.495
-0.022,0.084,11.553
0.214,0.951,4.883
-0.331,0.101,10.713
-0.616,-0.707,13.689
-0.01,-0.243,8.278
-0.213,0.264,7.294
-0.506,-0.075,13.054
0.001,-0.221,11.73
-0.046,-0.173,7.002
-0.348,0.103,9.039
-0.343,-0.233,12.846
0.078,-0.205,10.289
-0.108,-0.078,7.756
-0.462,-0.118,10.347
-0.182,0.046,11.52
0.159,0,9.188
-0.108,-0.046,8.979
-0.467,-0.176,10.986
-0.209,-0.154,10.512
0.152,0.103,8.999
-0.077,-0.015,9.853
-0.304,-0.135,10.821
-0.087,-0.157,9.705
-0.072,-0.054,9.348
-0.29,-0.02,10.457
-0.166,-0.082,10.344
-0.012,-0.039,9.377
-0.178,-0.075,9.765
-0.324,-0.147,10.476
-0.158,-0.08,9.918
-0.024,-0.037,9.585
-0.197,-0.044,10.136
-0.249,-0.061,10.21
-0.084,-0.07,9.609
-0.063,-0.02,9.817
-0.19,-0.058,10.335
-0.202,-0.106,10.011
-0.099,-0.104,9.621
-0.139,-0.049,10.018
-0.221,-0.066,10.227
-0.149,-0.054,9.77
-0.199,-0.051,9.784
-0.194,-0.044,10.16
-0.139,-0.037,10.121
-0.091,-0.114,9.738
-0.163,-0.063,9.908
-0.206,-0.042,10.15
-0.127,-0.051,9.975
-0.118,-0.097,9.784
-0.149,-0.123,10.018
-0.18,-0.078,10.112
-0.616,0.264,-12.441
0.705,-2.256,15.501
0.645,-0.781,3.317
0.128,0.661,6.355
-0.656,0.755,16.109
0.418,-0.197,12.999
0.161,0.202,4.732
-0.213,-0.032,7.967
-0.257,-0.48,14.357
-0.017,-0.051,11.062
0.14,0.381,5.671
-0.393,0.139,10.016
-0.235,-0.19,13.188
0.066,-0.317,9.128
-0.127,0.106,7.438
-0.388,-0.018,11.412
-0.015,-0.157,11.532
0.078,-0.094,8.276
-0.412,-0.044,9.13
-0.431,0.015,11.57
0.097,-0.015,10.196
0.099,-0.027,8.73
-0.343,-0.109,10.109
-0.376,-0.152,10.864
-0.048,0.003,9.442
-0.072,0.034,9.482
-0.295,-0.152,10.655
-0.182,-0.169,10.109
-0.041,-0.128,9.288
-0.218,-0.049,10.045
-0.259,-0.025,10.478
-0.077,-0.063,9.743
-0.065,-0.051,9.554
-0.271,-0.092,10.268
-0.168,-0.109,10.186
-0.039,-0.049,9.65
-0.115,-0.025,9.975
-0.254,-0.106,10.284
-0.182,-0.066,9.901
-0.048,-0.032,9.681
-0.199,-0.044,10.138
-0.247,-0.109,10.205
-0.149,-0.114,9.758
-0.103,-0.049,9.791
-0.139,-0.082,10.217
-0.178,-0.123,10.042
-0.17,-0.049,9.662
-0.168,-0.039,9.975
-0.156,-0.07,10.258
-0.108,-0.085,9.925
-0.139,-0.099,9.767
-0.199,-0.049,10.016
-0.149,-0.027,10.086
-0.127,-0.078,9.832
-0.142,-0.07,9.882
-0.221,-0.066,10.153
-0.178,-0.073,9.959
-0.134,-0.027,9.76
-0.149,-0.058,9.963
-0.168,-0.073,10.129
-0.146,-0.099,9.841
-2.737,-0.238,0.037
-0.585,-1.706,26.663
-1.748,0.247,11.919
-0.23,0.752,-1.116
-1.087,-0.738,13.842
-1.224,-0.71,13.56
0.403,-0.197,5.927
0.085,0.601,6.652
-0.57,-0.257,14.378
-0.079,-0.303,12.252
-0.132,0.048,5.29
-0.398,0.134,8.536
-0.101,-0.104,14.115
0.128,-0.228,9.951
-0.123,0.173,6.48
-0.537,-0.066,10.866
-0.13,-0.221,12.499
0.178,-0.092,8.647
-0.247,0.008,8.007
-0.443,-0.008,11.307
-0.06,0.008,10.967
0.183,-0.087,8.718
-0.302,-0.188,9.626
-0.419,-0.207,11.098
-0.055,-0.015,9.64
0.063,0.101,8.929
-0.29,-0.051,10.509
-0.324,-0.164,10.67
-0.051,-0.169,9.327
-0.127,-0.061,9.571
-0.276,0.046,10.619
-0.125,0.012,10.038
0.008,-0.058,9.396
-0.228,-0.102,10.153
-0.271,-0.159,10.404
-0.012,-0.035,9.676
-0.034,0.012,9.643
-0.264,-0.027,10.275
-0.218,-0.121,10.081
-0.036,-0.058,9.59
-0.123,-0.03,10.038
-0.218,-0.106,10.349
-0.206,-0.049,9.765
-0.113,-0.049,9.669
-0.12,-0.054,10.21
-0.199,-0.063,10.188
-0.187,-0.08,9.669
-0.175,-0.061,9.858
-0.163,-0.049,10.244
-0.134,-0.061,10.009
-0.123,-0.087,9.683
-0.23,-0.087,9.997
-0.187,-0.051,10.191
-0.125,-0.056,9.882
-0.12,-0.025,9.793
-0.13,-0.09,10.109
-0.137,-0.099,10.045
-0.185,-0.035,9.753
-0.178,-0.042,9.978
-0.288,0.271,-12.558
1.399,-2.031,18.791
0.205,-0.023,-0.618
-0.012,1.157,3.741
-0.405,0.055,20.749
0.999,-0.303,12.803
0.214,0.577,2.999
-0.278,-0.195,9.386
-0.185,-0.76,15.159
0.135,-0.092,9.906
0.133,0.537,5.043
-0.515,0.125,11.182
-0.163,-0.346,13.543
0.097,-0.281,8.151
-0.245,0.235,7.476
-0.403,-0.008,12.288
0.106,-0.161,11.302
0.094,-0.039,7.608
-0.494,-0.106,9.43
-0.362,0.005,12.02
0.195,-0.008,9.877
0.051,-0.023,8.405
-0.455,-0.152,10.469
-0.41,-0.173,10.938
0.015,0.032,9.116
-0.072,0.029,9.513
-0.326,-0.066,10.971
-0.149,-0.166,10.088
-0.039,-0.082,9.027
-0.281,-0.027,10.181
-0.254,-0.02,10.672
-0.051,-0.032,9.623
-0.087,-0.082,9.506
-0.276,-0.164,10.394
-0.175,-0.157,10.131
-0.024,-0.037,9.509
-0.134,-0.075,10.035
-0.307,-0.099,10.416
-0.144,-0.087,9.791
-0.077,-0.054,9.631
-0.166,-0.035,10.193
-0.297,-0.094,10.184
-0.134,-0.147,9.626
-0.154,-0.03,9.892
-0.127,-0.025,10.306
-0.161,-0.085,9.93
-0.101,-0.058,9.664
-0.187,-0.011,10.09
-0.197,-0.015,10.287
-0.125,-0.066,9.86
-0.182,-0.07,9.781
-0.218,-0.094,10.066
-0.137,-0.058,10.071
-0.108,-0.08,9.789
-0.151,-0.133,9.913
-0.252,-0.08,10.157
-0.166,-0.082,9.906
-0.132,-0.013,9.765
-0.166,-0.044,10.038
-0.137,-0.08,10.102
-0.194,-0.135,9.87
-0.168,-0.082,9.82
-0.161,-0.142,10.124
0.928,0.57,-0.292
2.57,-0.973,17.864
0.159,0.008,-1.928
0.015,0.422,3.466
-0.719,-1.258,28.313
1.634,0.051,12.587
0.102,0.97,1.466
-0.309,-0.573,11.414
-0.247,-1.009,14.972
0.082,-0.003,8.29
-0.07,0.625,5.979
-0.51,-0.08,13.026
-0.027,-0.422,12.576
0.013,-0.37,7.122
-0.29,0.328,8.434
-0.343,-0.087,12.906
0.116,-0.238,10.67
-0.07,-0.044,7.406
-0.613,-0.164,10.167
-0.213,-0.015,12.092
0.226,-0.011,9.269
-0.043,-0.032,8.522
-0.513,-0.185,10.845
-0.321,-0.195,10.847
0.073,0.048,8.955
-0.087,0.022,9.714
-0.324,-0.147,10.983
-0.123,-0.183,9.707
-0.06,-0.073,9.116
-0.314,-0.027,10.428
-0.245,-0.015,10.567
0.003,-0.035,9.391
-0.082,-0.063,9.676
-0.283,-0.114,10.488
-0.17,-0.123,9.978
-0.036,-0.025,9.465
-0.204,-0.035,10.141
-0.29,-0.087,10.327
-0.101,-0.09,9.667
-0.046,0.01,9.671
-0.161,-0.063,10.32
-0.225,-0.099,10.083
-0.134,-0.07,9.595
-0.099,-0.037,10.011
-0.168,-0.075,10.282
-0.154,-0.042,9.858
-0.158,-0.063,9.667
-0.185,-0.056,10.157
-0.175,-0.08,10.229
-0.125,-0.097,9.738
-0.173,-0.104,9.837
-0.225,-0.054,10.165
-0.163,-0.015,10.04
-0.089,-0.044,9.758
-0.202,-0.075,9.971
-0.175,-0.118,10.169
-0.149,-0.061,9.851
-0.127,-0.025,9.762
-0.158,-0.025,10.105
-0.18,-0.085,10.086
-0.216,0.106,-13.094
-0.108,-1.56,15.954
-0.257,0.175,-3.213
0.075,0.922,0.387
-1.99,-0.035,24.807
0.734,-0.006,10.821
0.346,0.501,2.429
-0.415,-0.322,9.425
-0.182,-0.762,15.08
0.073,0.029,9.87
0.126,0.573,5.043
-0.441,0.206,11.108
-0.151,-0.358,13.342
0.063,-0.339,8.343
-0.281,0.285,7.397
-0.352,-0.082,12.192
0.126,-0.178,11.436
0.094,-0.061,7.529
-0.489,-0.061,9.334
-0.364,-0.003,12.061
0.173,-0.058,9.951
0.08,-0.011,8.465
-0.412,-0.154,10.323
-0.331,-0.111,10.988
0.018,0.039,9.164
-0.077,0.034,9.468
-0.314,-0.085,10.94
-0.161,-0.188,10.105
-0.029,-0.14,9.092
-0.254,-0.032,10.098
-0.326,-0.003,10.672
-0.027,-0.044,9.611
-0.091,-0.07,9.542
-0.259,-0.092,10.375
-0.204,-0.073,10.153
-0.043,-0.006,9.537
-0.115,-0.056,9.963
-0.273,-0.075,10.426
-0.13,-0.09,9.81
-0.055,-0.035,9.626
-0.115,-0.046,10.188
-0.273,-0.106,10.145
-0.12,-0.118,9.676
-0.075,-0.018,9.875
-0.166,-0.025,10.299
-0.161,-0.063,9.983
-0.137,-0.046,9.635
-0.218,-0.015,10.009
-0.192,-0.08,10.236
-0.087,-0.058,9.899
-0.144,-0.082,9.717
-0.23,-0.073,10.119
-0.211,-0.006,10.143
-0.111,-0.082,9.767
-0.161,-0.078,9.889
-0.182,-0.102,10.153
-0.168,-0.073,9.973
-0.163,-0.035,9.75
-0.137,-0.061,10.033
-0.18,-0.094,10.169
-0.125,-0.104,9.827
-0.149,-0.106,9.844
-0.142,-0.157,10.411
1.308,1.142,12.865
2.857,-0.413,19.43
0.499,-0.046,0.267
-0.101,0.379,5.127
-0.292,-1.294,23.239
1.031,-0.037,13.409
0.114,0.925,3.15
-0.115,-0.293,10.138
-0.494,-0.913,14.529
0.008,-0.164,9.015
-0.096,0.537,6.176
-0.508,-0.07,12.583
0.042,-0.367,12.753
-0.027,-0.367,7.55
-0.288,0.3,8.151
-0.393,-0.097,12.573
0.061,-0.202,10.983
-0.01,-0.097,7.593
-0.518,-0.111,9.937
-0.237,0.07,11.893
0.24,-0.049,9.597
0.023,-0.046,8.611
-0.546,-0.219,10.639
-0.381,-0.178,10.861
0.039,0.048,9.013
-0.036,0.067,9.669
-0.295,-0.106,10.924
-0.161,-0.2,9.863
-0.06,-0.142,9.147
-0.249,0.051,10.366
-0.216,-0.025,10.612
0.006,-0.075,9.487
-0.094,-0.054,9.616
-0.285,-0.154,10.531
-0.154,-0.125,10.059
-0.051,0.003,9.518
-0.173,-0.042,10.109
-0.295,-0.085,10.33
-0.101,-0.08,9.643
-0.024,-0.051,9.681
-0.187,-0.058,10.358
-0.221,-0.106,10.117
-0.108,-0.116,9.571
-0.07,-0.025,9.951
-0.17,-0.058,10.318
-0.146,-0.085,9.846
-0.175,-0.073,9.693
-0.134,-0.075,10.138
-0.168,-0.046,10.179
-0.139,-0.092,9.762
-0.151,-0.128,9.801
-0.185,-0.075,10.088
-0.158,-0.035,10.023
-0.12,-0.097,9.856
-0.142,-0.118,9.98
-0.197,-0.102,10.09
-0.156,-0.07,9.913
-0.158,-0.027,9.82
-0.163,-0.075,10.052
-0.166,-0.07,10.045
-0.156,-0.121,9.868
-0.185,-0.068,9.868
-2.732,-0.307,2.328
-1.712,-0.82,27.499
-0.915,0.688,11.541
-0.307,0.424,0.964
-0.747,-0.552,10.354
-1.425,-0.837,15.111
0.348,-0.051,6.681
0.085,0.848,5.055
-0.637,-0.231,14.788
-0.273,-0.437,12.841
-0.144,0.058,5.501
-0.369,0.142,8.07
-0.158,-0.035,14.019
0.166,-0.272,10.234
-0.027,0.137,6.396
-0.556,-0.039,10.507
-0.19,-0.303,12.666
0.209,-0.178,8.979
-0.192,0.01,7.749
-0.429,0.048,11.122
-0.075,-0.003,11.266
0.149,-0.051,8.68
-0.254,-0.125,9.43
-0.479,-0.219,11.134
-0.07,-0.051,9.942
0.176,0.123,8.824
-0.23,-0.049,10.342
-0.35,-0.257,10.806
-0.065,-0.207,9.327
-0.065,-0.035,9.497
-0.314,0.032,10.581
-0.144,-0.03,10.09
-0.034,-0.056,9.281
-0.209,-0.104,10.098
-0.254,-0.111,10.476
-0.084,-0.058,9.688
-0.039,0.022,9.607
-0.216,-0.035,10.296
-0.245,-0.092,10.126
-0.084,-0.075,9.506
-0.132,-0.046,9.995
-0.242,-0.078,10.325
-0.204,-0.128,9.856
-0.07,-0.063,9.619
-0.139,-0.037,10.16
-0.182,-0.066,10.224
-0.154,-0.087,9.729
-0.13,-0.042,9.789
-0.178,-0.03,10.234
-0.137,-0.03,10.064
-0.077,-0.085,9.662
-0.192,-0.058,9.904
-0.199,-0.061,10.184
-0.108,-0.063,9.937
-0.125,-0.051,9.753
-0.204,-0.116,10.042
-0.187,-0.037,10.121
-0.149,-0.049,9.841
-0.142,-0.082,9.832
-0.163,-0.063,10.148
-1.097,-0.284,-18.622
0.947,-2.07,21.585
-1.533,0.077,-4.485
-0.297,0.312,-4.279
-0.989,0.134,11.524
-1.19,-0.157,12.508
0.901,0.137,3.727
-0.206,0.613,5.551
-0.424,-0.724,15.913
-0.012,-0.173,11.989
0.111,0.319,4.481
-0.429,0.338,8.929
-0.089,-0.219,14.397
0.224,-0.312,9.293
-0.199,0.225,6.372
-0.448,-0.056,11.402
0.032,-0.221,12.334
0.224,-0.161,8.067
-0.3,0.067,8.29
-0.434,0.01,11.714
0.049,-0.056,10.782
0.178,-0.078,8.474
-0.292,-0.169,9.671
-0.398,-0.14,11.242
-0.012,0.043,9.511
0.042,0.146,8.946
-0.319,-0.054,10.785
-0.242,-0.226,10.605
-0.015,-0.171,9.09
-0.079,-0.054,9.659
-0.257,0.055,10.78
-0.127,-0.051,9.911
-0.034,-0.09,9.307
-0.247,-0.123,10.268
-0.242,-0.118,10.411
-0.036,-0.025,9.554
-0.039,0.01,9.714
-0.252,-0.073,10.44
-0.235,-0.13,10.023
-0.053,-0.085,9.506
-0.134,-0.058,10.035
-0.223,-0.07,10.37
-0.142,-0.08,9.774
-0.113,-0.085,9.7
-0.146,-0.078,10.268
-0.175,-0.07,10.15
-0.125,-0.075,9.664
-0.111,-0.001,9.849
-0.151,-0.068,10.251
-0.127,-0.061,10.002
-0.134,-0.066,9.674
-0.18,-0.087,9.98
-0.197,-0.051,10.217
-0.125,-0.003,9.892
-0.151,-0.109,9.789
-0.192,-0.106,10.081
-0.154,-0.106,10.109
-0.139,0,9.798
-0.123,-0.058,9.923
-2.77,-0.245,-4.963
-1.061,-1.543,23.867
-1.116,0.798,8.007
-0.197,0.307,1.711
-0.585,-0.121,9.949
-1.004,-0.896,15.432
0.585,-0.099,5.924
0.09,1.013,4.339
-0.549,-0.307,15.475
-0.144,-0.398,13.04
-0.067,0.029,4.979
-0.467,0.288,8.01
-0.154,-0.102,14.407
0.216,-0.274,10.109
-0.055,0.166,6.164
-0.589,-0.02,10.696
-0.173,-0.228,12.805
0.224,-0.219,8.766
-0.194,0.036,7.706
-0.491,0.015,11.266
-0.055,0.058,11.304
0.173,-0.044,8.589
-0.252,-0.104,9.453
-0.482,-0.233,11.244
-0.048,-0.061,9.88
0.106,0.146,8.771
-0.278,-0.042,10.457
-0.352,-0.173,10.809
-0.094,-0.228,9.221
-0.058,-0.054,9.506
-0.292,0.06,10.713
-0.127,-0.042,10.047
0.035,-0.063,9.279
-0.185,-0.063,10.136
-0.338,-0.152,10.531
-0.108,-0.085,9.676
-0.051,-0.023,9.559
-0.223,-0.049,10.344
-0.213,-0.066,10.184
-0.106,-0.044,9.497
-0.065,-0.03,9.939
-0.254,-0.092,10.449
-0.166,-0.106,9.863
-0.094,-0.011,9.578
-0.144,-0.061,10.145
-0.197,-0.061,10.291
-0.127,-0.121,9.695
-0.154,-0.015,9.777
-0.154,-0.023,10.258
-0.127,-0.044,10.069
-0.087,-0.063,9.674
-0.187,-0.073,9.904
-0.202,-0.032,10.239
-0.115,-0.037,9.916
-0.101,-0.08,9.736
-0.154,-0.125,10.078
-0.178,-0.068,10.078
-0.144,-0.058,9.803
-0.115,-0.02,9.892
-0.111,-0.066,10.184
-0.137,-0.08,10.011
-0.178,-0.082,9.753
-0.17,-0.082,9.947
-1.928,-0.319,-12.529
0.633,-2.426,23.189
-2.375,-0.137,3.154
-0.029,0.479,-2.186
-1.128,-0.432,13.299
-1.15,-0.446,13.246
0.664,0.039,4.201
-0.101,0.673,5.987
-0.609,-0.494,15.326
-0.106,-0.19,12.082
0.023,0.211,4.79
-0.417,0.225,8.752
-0.103,-0.228,14.237
0.216,-0.25,9.607
-0.156,0.127,6.382
-0.525,-0.078,11.182
-0.063,-0.231,12.391
0.197,-0.099,8.417
-0.281,0.053,8.072
-0.46,0.024,11.546
0.015,-0.035,10.89
0.161,-0.087,8.443
-0.324,-0.176,9.738
-0.434,-0.195,11.182
0.037,0.075,9.626
0.109,0.12,8.884
-0.281,-0.044,10.679
-0.276,-0.221,10.684
-0.012,-0.154,9.154
-0.043,-0.03,9.619
-0.285,0.041,10.744
-0.075,-0.025,9.918
-0.039,-0.09,9.312
-0.213,-0.102,10.22
-0.276,-0.109,10.459
-0.039,-0.092,9.611
-0.06,-0.008,9.626
-0.216,-0.08,10.385
-0.223,-0.128,10.04
-0.065,-0.128,9.477
-0.13,-0.001,10.038
-0.249,-0.066,10.421
-0.18,-0.121,9.786
-0.154,-0.051,9.657
-0.154,-0.09,10.265
-0.173,-0.13,10.15
-0.146,-0.097,9.65
-0.137,-0.046,9.863
-0.149,-0.075,10.229
-0.12,-0.097,10.004
-0.123,-0.082,9.664
-0.173,-0.097,9.968
-0.209,-0.078,10.165
-0.137,-0.061,9.882
-0.123,-0.07,9.793
-0.18,-0.075,10.074
-0.123,-0.075,10.05
-0.154,-0.008,9.829
-2.462,-0.403,-4.916
-0.786,-1.837,29.878
-1.772,0.728,8.493
-0.082,0.197,1.27
-0.575,-0.363,10.849
-1.348,-0.791,14.429
0.427,-0.039,5.039
-0.113,1.013,5.417
-0.491,-0.406,15.836
-0.146,-0.334,12.178
-0.084,0.123,4.603
-0.486,0.113,9.008
-0.113,-0.181,14.491
0.202,-0.25,9.408
-0.108,0.199,6.164
-0.575,-0.02,11.273
-0.01,-0.307,12.576
0.214,-0.207,8.319
-0.285,0.036,8.024
-0.448,0.046,11.558
0.001,0.034,11.014
0.149,-0.085,8.438
-0.336,-0.173,9.659
-0.462,-0.2,11.28
0.023,-0.051,9.611
0.123,0.142,8.874
-0.264,-0.03,10.596
-0.257,-0.159,10.684
-0.015,-0.209,9.133
-0.103,-0.025,9.609
-0.281,0.029,10.701
-0.125,-0.018,9.918
-0.027,-0.044,9.255
-0.259,-0.13,10.22
-0.3,-0.125,10.473
-0.034,-0.027,9.571
-0.058,0.017,9.698
-0.197,-0.066,10.358
-0.206,-0.137,10.064
-0.058,-0.063,9.521
-0.151,-0.025,10.064
-0.247,-0.111,10.368
-0.158,-0.118,9.743
-0.139,-0.051,9.65
-0.132,-0.025,10.236
-0.168,-0.099,10.203
-0.123,-0.094,9.667
-0.156,-0.106,9.851
-0.18,-0.07,10.26
-0.166,-0.106,10.011
-0.113,-0.094,9.69
-0.206,-0.082,9.997
-0.199,-0.044,10.181
-0.115,-0.063,9.908
-0.108,-0.068,9.789
-0.154,-0.133,10.066
-0.187,-0.075,10.057
-0.132,-0.051,9.789
-0.134,-0.073,9.916
0.24,0.111,-6.931
1.77,-0.932,17.148
-0.101,0.055,-3.704
0.039,0.563,1.284
-1.686,-0.628,28.279
1.581,0.149,12.35
0.329,0.802,1.823
-0.439,-0.501,10.217
-0.29,-0.851,15.159
0.054,-0.027,8.941
0.145,0.618,5.362
-0.486,0.051,12.25
-0.163,-0.444,13.054
0.051,-0.329,7.445
-0.221,0.34,7.871
-0.352,-0.025,12.755
0.145,-0.183,11.029
0.015,-0.051,7.452
-0.589,-0.087,9.786
-0.233,-0.027,12.109
0.209,-0.075,9.621
0.061,-0.056,8.429
-0.501,-0.147,10.682
-0.338,-0.159,10.852
0.07,0.02,9.051
-0.029,0.072,9.58
-0.319,-0.102,11.048
-0.18,-0.243,9.889
-0.053,-0.092,9.02
-0.261,-0.049,10.303
-0.261,-0.046,10.686
0.015,-0.078,9.497
-0.065,-0.082,9.571
-0.269,-0.123,10.483
-0.197,-0.102,10.098
-0.024,-0.025,9.42
-0.156,-0.051,10.007
-0.283,-0.121,10.452
-0.18,-0.14,9.755
-0.063,-0.068,9.59
-0.17,-0.049,10.236
-0.233,-0.087,10.203
-0.132,-0.058,9.578
-0.13,-0.049,9.892
-0.161,-0.037,10.363
-0.144,-0.111,9.93
-0.175,-0.118,9.619
-0.12,-0.035,10.069
-0.12,-0.049,10.224
-0.118,-0.104,9.844
-0.144,-0.09,9.734
-0.218,-0.104,10.1
-0.213,-0.051,10.057
-0.144,-0.054,9.791
-0.163,-0.099,9.928
-0.166,-0.106,10.109
-0.173,-0.068,9.923
-0.156,-0.03,9.801
-0.134,-0.063,10.069
-0.187,-0.125,10.047
-0.139,-0.073,9.884
-0.185,-0.042,9.892
-0.166,-0.058,10.088
-0.106,-0.147,10.37
1.078,0.996,7.44
2.287,-0.64,17.781
0.19,0.01,-2.564
-0.048,0.424,3.248
-0.635,-1.478,28.076
1.368,0.123,12.348
0.193,0.996,1.648
-0.46,-0.494,11.759
-0.333,-0.925,14.924
0.111,-0.008,7.914
-0.043,0.592,5.817
-0.551,-0.123,13.346
0.027,-0.439,12.635
0.035,-0.31,6.863
-0.328,0.295,8.501
-0.352,-0.092,13.16
0.111,-0.209,10.481
0.025,-0.013,7.375
-0.587,-0.085,10.277
-0.24,0.036,11.994
0.236,-0.025,9.327
0.001,-0.03,8.558
-0.494,-0.166,10.964
-0.278,-0.193,10.732
0.063,0.024,8.874
-0.123,0.012,9.801
-0.362,-0.03,11.043
-0.123,-0.209,9.77
-0.072,-0.114,9.063
-0.252,-0.006,10.469
-0.218,-0.032,10.572
-0.005,-0.063,9.406
-0.125,-0.099,9.645
-0.336,-0.125,10.514
-0.211,-0.121,9.999
0.018,-0.011,9.446
-0.132,-0.027,10.095
-0.223,-0.097,10.402
-0.087,-0.078,9.671
-0.096,-0.075,9.645
-0.209,-0.035,10.337
-0.283,-0.111,10.153
-0.099,-0.111,9.566
-0.091,-0.042,9.92
-0.099,-0.094,10.342
-0.118,-0.087,9.841
-0.168,-0.073,9.635
-0.182,-0.039,10.107
-0.144,-0.044,10.22
-0.115,-0.094,9.805
-0.156,-0.106,9.808
-0.24,-0.102,10.109
-0.19,-0.015,10.066
-0.118,-0.044,9.77
-0.182,-0.08,9.966
-0.19,-0.097,10.126
-0.163,-0.061,9.913
-2.433,-0.377,-5.385
-1.066,-0.829,39.687
-1.178,1.523,7.275
-0.319,0.281,2.185
-0.58,-0.08,11.003
0.305,-1.476,16.069
0.317,0.024,5.92
-0.075,1.272,4.667
-0.405,-0.281,16.277
-0.067,-0.497,12.518
-0.134,0.091,4.562
-0.553,0.154,8.924
-0.103,-0.157,14.606
0.212,-0.295,9.499
-0.163,0.13,6.092
-0.587,0.008,11.249
-0.053,-0.288,12.712
0.181,-0.2,8.283
-0.29,0.058,8.118
-0.474,0.039,11.599
0.025,0.053,10.818
0.137,-0.08,8.589
-0.283,-0.145,9.7
-0.46,-0.197,11.266
-0.07,-0.075,9.679
0.092,0.137,8.814
-0.269,0.005,10.675
-0.292,-0.166,10.634
-0.075,-0.173,9.176
-0.106,-0.054,9.602
-0.271,0.034,10.742
-0.096,-0.008,9.995
-0.036,-0.046,9.281
-0.247,-0.114,10.198
-0.264,-0.121,10.423
-0.103,-0.035,9.664
-0.055,-0.015,9.607
-0.257,-0.066,10.356
-0.23,-0.133,10.107
-0.084,-0.082,9.54
-0.137,-0.037,9.997
-0.24,-0.097,10.344
-0.134,-0.142,9.81
-0.048,-0.03,9.626
-0.154,-0.001,10.198
-0.18,-0.054,10.193
-0.175,-0.099,9.674
-0.161,-0.037,9.798
-0.151,-0.035,10.253
-0.127,-0.128,10.035
-0.13,-0.075,9.695
-0.209,-0.07,9.939
-0.19,-0.116,10.174
-0.111,-0.061,9.908
-0.123,-0.087,9.781
-0.221,-0.094,10.09
-0.18,-0.058,10.062
-0.156,-0.056,9.82
-0.168,-0.018,9.975
-0.182,-0.073,10.181
-0.125,-0.094,9.923
-0.163,-0.111,9.803
-0.197,-0.066,10.018
-0.103,-0.042,10.093
-0.123,-0.066,9.846
-0.197,-0.092,9.856
-0.156,-0.073,10.03
-0.161,-0.054,10.045
-0.151,-0.082,9.844
-0.19,-0.035,9.987
-0.175,-0.051,10.026
-0.154,-0.051,9.925
-0.166,-0.058,9.894
-0.12,-0.09,10.016
-0.127,-0.106,9.975
-0.146,-0.042,9.913
-0.185,-0.03,9.937
-0.161,-0.046,9.987
-0.161,-0.078,9.944
-0.18,-0.092,9.928
-0.194,-0.075,9.98
-0.142,-0.073,9.99
-0.182,-0.109,9.963
-0.156,-0.058,9.985
-0.194,-0.085,9.966
-0.13,-0.061,9.985
-0.146,-0.078,9.963
-0.158,-0.058,9.944
-0.209,-0.087,9.959
-0.154,-0.092,9.911
-0.19,-0.044,9.947
-0.12,-0.09,10.002
-0.166,-0.085,9.959
-0.134,-0.099,9.935
-0.139,-0.085,9.913
-0.132,-0.07,9.971
-0.149,-0.082,10.011
-0.144,-0.087,9.944
-0.13,-0.102,9.971
-0.127,-0.109,9.997
-0.146,-0.08,9.966
-0.132,-0.068,9.961
-0.139,-0.09,9.947
-0.127,-0.068,9.971
-0.134,-0.054,9.949
-0.142,-0.099,9.959
-0.209,-0.039,10.007
-0.127,-0.102,9.987
-0.144,-0.111,9.925
-0.173,-0.061,9.959
-0.113,-0.078,9.98
-0.161,-0.068,9.944
-0.156,-0.087,9.947
-0.139,-0.075,9.971
-0.151,-0.137,9.966
-0.173,-0.068,9.951
-0.142,-0.039,9.997
-0.149,-0.054,9.98
-0.144,-0.085,9.937
-0.163,-0.068,9.923
-0.139,-0.07,9.959
-0.168,-0.082,9.973
-0.187,-0.051,9.932
-0.127,-0.073,9.978
-0.161,-0.099,9.951
-0.154,-0.039,9.939
-0.154,-0.068,9.98
-0.142,-0.061,9.985
-0.156,-0.094,9.954
-0.146,-0.054,9.942
-0.139,-0.054,9.949
-0.139,-0.106,9.966
-0.146,-0.035,9.978
-0.134,-0.054,9.987
-0.144,-0.049,9.987
-0.161,-0.078,9.939
-0.17,-0.058,9.932
-0.161,-0.061,9.987
-0.166,-0.116,9.956
-0.156,-0.078,9.959
-0.139,-0.054,9.959
-0.146,-0.075,9.99
-0.173,-0.104,9.968
-0.146,-0.097,9.997
-0.156,-0.049,9.925
-0.113,-0.08,9.968
-0.125,-0.058,9.987
-0.161,-0.058,9.978
-0.146,-0.066,9.978
-0.142,-0.063,9.947
-0.161,-0.08,9.978
-0.154,-0.085,9.959
-0.161,-0.068,9.963
-0.187,-0.054,9.928
-0.125,-0.073,9.973
-0.158,-0.075,9.939
-0.168,-0.03,9.937
-0.134,-0.075,9.968
-0.118,-0.078,9.93
-0.144,-0.066,9.896
-0.154,-0.109,9.947
-0.146,-0.073,9.961
-0.158,-0.09,9.93
-0.142,-0.035,9.959
-0.151,-0.02,9.951
-0.142,-0.135,9.966
-0.151,-0.032,9.937
-0.144,-0.102,9.956
-0.137,-0.063,9.966
-0.146,-0.063,9.959
-0.163,-0.051,9.963
-0.175,-0.068,9.983
-0.166,-0.094,9.937
-0.156,-0.068,9.961
-0.173,-0.094,9.961
-0.163,-0.056,9.971
-0.202,-0.078,9.911
-0.134,-0.07,9.973
-0.144,-0.044,9.987
-0.154,-0.063,9.963
-0.168,-0.066,9.978
-0.204,-0.066,9.99
-0.134,-0.046,9.978
-0.182,-0.085,9.942
-0.134,-0.085,9.983
-0.17,-0.056,9.973
-0.149,-0.068,9.963
-0.206,-0.078,9.995
-0.149,-0.063,9.944
-0.146,-0.078,9.961
-0.18,-0.023,9.951
-0.173,-0.037,9.961
-0.132,-0.087,9.959
-0.158,-0.073,9.935
-0.137,-0.051,9.973
-0.154,-0.073,9.966
-0.113,-0.07,9.928
-0.156,-0.063,10.004
-0.163,-0.09,9.978
-0.123,-0.046,9.935
-0.154,-0.046,9.959
-0.17,-0.092,9.995
-0.17,-0.078,9.961
-0.13,-0.063,9.925
-0.17,-0.109,9.942
-0.185,-0.068,10.011
-0.194,-0.051,9.961
-0.139,-0.073,9.966
-0.17,-0.085,9.968
-0.163,-0.073,9.949
-0.166,-0.07,9.928
-0.151,-0.07,9.973
-0.139,-0.066,9.997
-0.146,-0.078,9.918
-0.144,-0.118,9.985
-0.137,-0.106,9.999
-0.185,-0.114,9.949
-0.142,-0.08,9.966
-0.158,-0.097,9.961
-0.151,-0.07,9.928
-0.163,-0.066,9.916
-0.17,-0.054,9.995
-0.185,-0.082,9.983
-0.18,-0.051,9.939
-0.137,-0.068,9.985
-0.154,-0.078,9.947
-0.134,-0.039,9.932
-0.149,-0.046,9.916
-0.113,-0.08,9.968
-0.173,-0.08,9.944
-0.137,-0.075,9.983
-0.18,-0.015,9.959
-0.17,-0.097,9.959
-0.185,-0.092,9.93
-0.158,-0.078,9.937
-0.132,-0.054,9.992
-0.158,-0.068,9.923
-0.163,-0.066,9.951
-0.161,-0.087,9.959
-0.17,-0.066,9.949
-0.137,-0.061,9.913
-0.127,-0.058,9.968
-0.123,-0.07,9.987
-0.146,-0.051,9.949
-0.168,-0.056,9.992
-0.144,-0.078,9.961
-0.161,-0.07,9.949
-0.178,-0.075,9.928
-0.156,-0.097,9.971
-0.139,-0.054,9.971
-0.154,-0.099,9.973
-0.151,-0.049,9.966
-0.161,-0.039,9.985
-0.151,-0.106,9.942
-0.146,-0.054,9.968
-0.137,-0.063,10.023
-0.142,-0.08,9.961
-0.185,-0.032,9.942
-0.175,-0.085,9.968
-0.175,-0.058,9.966
-0.163,-0.08,9.98
-0.146,-0.082,9.949
-0.175,-0.063,9.959
-0.12,-0.063,9.971
-0.154,-0.063,9.942
-0.156,-0.09,9.973
-0.142,-0.109,9.973
-0.151,-0.085,9.93
-0.156,-0.058,9.956
-0.151,-0.013,9.944
-0.154,-0.114,9.987
-0.163,-0.068,9.983
-0.158,-0.082,10.002
-0.146,-0.061,9.951
-0.151,-0.023,10.021
-0.113,-0.085,9.978
-0.185,-0.066,9.987
-0.154,-0.046,9.942
-0.118,-0.061,9.956
-0.158,-0.099,9.928
-0.156,-0.073,9.911
-0.137,-0.025,9.961
-0.173,-0.078,9.944
-0.161,-0.054,9.939
-0.137,-0.042,9.925
-0.151,-0.061,9.947
-0.146,-0.087,9.971
-0.173,-0.046,9.944
-0.146,-0.066,9.947
-0.144,-0.075,9.959
-0.118,-0.049,9.978
-0.132,-0.063,9.971
-0.142,-0.082,9.975
-0.192,-0.042,9.983
-0.113,-0.051,9.951
-0.144,-0.08,9.956
-0.216,-0.104,9.973
-0.127,-0.078,9.92
-0.132,-0.099,9.949
-0.137,-0.056,9.997
-0.103,-0.082,9.983
-0.132,-0.094,9.959
-0.166,-0.042,9.992
-0.173,-0.09,9.966
-0.151,-0.044,9.932
-0.161,-0.09,9.987
-0.142,-0.099,9.975
-0.151,-0.049,9.963
-0.149,-0.097,9.925
-0.132,-0.08,9.997
-0.127,-0.08,9.978
-0.146,-0.075,9.947
-0.161,-0.07,9.98
-0.163,-0.078,9.992
-0.182,-0.087,9.987
-0.194,-0.054,9.956
-0.192,-0.073,9.975
-0.168,-0.061,9.971
-0.161,-0.075,9.949
-0.161,-0.07,10.002
-0.163,-0.061,9.949
-0.163,-0.049,9.99
-0.175,-0.054,9.947
-0.151,-0.058,9.968
-0.17,-0.056,9.937
-0.17,-0.085,9.975
-0.127,-0.008,9.98
-0.173,-0.056,9.956
-0.127,-0.046,9.461
-0.154,-0.015,9.992
-0.175,-0.07,10.394
-0.144,-0.094,9.939
-0.146,-0.087,9.631
-0.211,-0.118,10.03
-0.125,-0.063,10.258
-0.118,-0.063,9.853
-0.158,-0.039,9.844
-0.185,-0.097,10.126
-0.168,-0.133,10.016
-0.123,-0.078,9.781
-0.142,-0.073,9.932
-0.123,-0.092,10.069
-0.127,-0.058,9.896
-0.166,-0.058,9.801
-0.125,-0.104,9.987
-0.111,-0.075,10.093
-0.163,-0.08,9.877
-0.127,-0.078,9.894
-0.163,-0.104,10.021
-0.127,-0.068,10.021
-0.113,-0.082,9.918
-0.151,-0.08,9.899
-0.142,-0.111,9.99
-0.123,-0.063,9.978
-0.123,-0.066,9.901
-0.178,-0.066,9.973
-0.139,-0.07,10.009
-0.127,-0.056,9.978
-0.149,-0.078,9.959
-0.139,-0.042,9.966
-0.154,-0.068,9.968
-0.146,-0.066,9.935
-0.17,-0.051,9.947
-0.151,-0.123,9.954
-0.137,-0.039,9.975
-0.151,-0.085,9.966
-0.17,-0.063,9.963
-0.17,-0.085,9.961
-0.142,-0.08,9.963
-0.144,-0.035,9.971
-0.185,-0.075,9.985
-0.146,-0.066,9.954
-0.204,-0.058,9.973
-0.175,-0.07,9.961
-0.132,-0.097,9.966
-0.168,-0.054,9.951
-0.156,-0.099,9.985
-0.115,-0.049,10.014
-0.151,-0.102,9.959
-0.149,-0.097,9.949
-0.178,-0.066,10.035
-0.158,-0.075,9.978
-0.149,-0.051,9.904
-0.115,-0.087,9.973
-0.173,-0.061,9.985
-0.154,-0.037,9.971
-0.144,-0.08,9.904
-0.182,-0.066,10.016
-0.216,-0.058,9.995
-0.123,-0.066,9.937
-0.185,-0.049,9.966
-0.18,-0.035,10.011
-0.13,-0.097,9.918
-0.12,-0.061,9.92
-0.142,-0.061,10.021
-0.151,-0.078,9.951
-0.173,-0.078,9.939
-0.154,-0.075,9.939
-0.173,-0.068,9.959
-0.151,-0.109,9.937
-0.166,-0.049,9.944
-0.168,-0.08,9.992
-0.163,-0.049,9.939
-0.137,-0.094,9.942
-0.17,-0.061,9.98
-0.115,-0.063,9.992
-0.154,-0.085,9.959
-0.216,-0.063,9.961
-0.18,-0.058,9.966
-0.108,-0.046,9.937
-0.151,-0.092,9.951
-0.156,-0.066,9.973
-0.146,-0.104,9.968
-0.12,-0.063,9.942
-0.17,-0.07,9.985
-0.146,-0.046,9.918
-0.149,-0.078,9.937
-0.154,-0.058,9.992
-0.175,-0.058,9.961
-0.202,-0.082,9.918
-0.154,-0.075,9.971
-0.149,-0.056,10.002
-0.166,-0.082,9.978
-0.158,-0.09,9.971
-0.158,-0.078,10.009
-0.178,-0.008,9.992
-0.163,-0.054,9.949
-0.127,-0.066,9.98
-0.137,-0.082,9.992
-0.144,-0.063,9.959
-0.132,-0.078,9.944
-0.173,-0.075,9.99
-0.151,-0.073,9.963
-0.123,-0.075,9.947
-0.185,-0.087,9.985
-0.175,-0.082,10.016
-0.166,-0.085,9.937
-0.144,-0.097,9.939
-0.194,-0.075,9.987
-0.156,-0.056,9.968
-0.134,-0.097,9.93
-0.178,-0.08,9.978
-0.149,-0.087,9.978
-0.194,-0.085,9.963
-0.125,-0.078,9.966
-0.156,-0.099,9.999
-0.163,-0.109,9.978
-0.142,-0.097,9.985
-0.175,-0.046,9.947
-0.144,-0.054,9.992
-0.151,-0.068,9.973
-0.151,-0.042,9.925
-0.17,-0.042,9.937
-0.12,-0.056,9.93
-0.149,-0.068,9.949
-0.163,-0.08,9.983
-0.166,-0.106,9.944
-0.146,-0.087,9.959
-0.158,-0.09,9.937
-0.168,-0.078,9.961
-0.156,-0.054,9.963
-0.173,-0.046,9.932
-0.158,-0.032,9.99
-0.13,-0.056,9.951
-0.134,-0.102,9.963
-0.166,-0.085,9.944
-0.142,-0.082,9.918
-0.132,-0.07,9.98
-0.091,-0.106,9.978
-0.142,-0.044,9.987
-0.168,-0.099,9.928
-0.151,-0.082,9.966
-0.127,-0.078,9.999
-0.123,-0.03,9.959
-0.146,-0.073,9.947
-0.178,-0.063,9.99
-0.132,-0.054,9.951
-0.12,-0.109,9.928
-0.139,-0.08,9.918
-0.175,-0.109,9.956
-0.199,-0.075,9.959
-0.156,-0.049,9.928
-0.161,-0.08,10.002
-0.156,-0.097,9.975
-0.149,-0.058,9.978
-0.163,-0.082,9.983
-0.166,-0.075,10.007
-0.168,-0.056,9.949
-0.151,-0.032,9.954
-0.142,-0.07,9.973
-0.18,-0.099,9.939
-0.173,-0.051,9.98
-0.151,-0.044,9.973
-0.142,-0.058,9.961
-0.142,-0.051,9.963
-0.146,-0.046,9.99
-0.175,-0.054,10.011
-0.137,-0.044,9.968
-0.209,-0.082,9.978
-0.178,-0.078,9.939
-0.144,-0.094,9.954
-0.163,-0.09,9.971
-0.166,-0.078,9.935
-0.139,-0.097,9.954
-0.161,-0.09,9.951
-0.161,-0.015,9.951
-0.163,-0.068,9.997
-0.149,-0.092,9.973
-0.166,-0.078,9.975
-0.137,-0.082,10.026
-0.161,-0.046,9.942
-0.199,-0.061,9.932
-0.134,-0.08,9.963
-0.144,-0.046,9.923
-0.137,-0.066,9.935
-0.146,-0.109,9.987
-0.156,-0.039,9.961
-0.161,-0.061,9.961
-0.137,-0.044,9.949
-0.146,-0.044,9.987
-0.149,-0.037,9.947
-0.168,-0.085,9.949
-0.158,-0.114,9.947
-0.137,-0.068,9.963
-0.13,-0.046,9.966
-0.125,-0.07,9.98
-0.154,-0.046,9.956
-0.144,-0.082,9.944
-0.175,-0.078,9.925
-0.139,-0.075,9.963
-0.137,-0.051,10.004
-0.154,-0.061,9.973
-0.187,-0.051,9.932
-0.166,-0.058,9.975
-0.18,-0.058,9.937
-0.163,-0.075,9.932
-0.125,-0.058,9.961
-0.151,-0.075,9.942
-0.151,-0.058,9.949
-0.192,-0.061,9.963
-0.166,-0.082,9.98
-0.132,-0.09,9.98
-0.139,-0.039,9.985
-0.154,-0.063,9.997
-0.146,-0.085,9.966
-0.142,-0.097,9.987
-0.137,-0.08,10.059
-0.139,-0.104,9.978
-0.154,-0.111,9.93
-0.149,-0.092,9.951
-0.209,-0.061,9.99
-0.132,-0.063,9.932
-0.151,-0.08,9.928
-0.087,-0.068,9.978
-0.161,-0.03,9.916
-0.144,-0.035,9.966
-0.178,-0.082,10.009
-0.168,-0.046,9.978
-0.178,-0.061,9.975
-0.178,-0.087,9.939
-0.12,-0.087,9.92
-0.139,-0.07,9.951
-0.161,-0.07,9.956
-0.19,-0.061,9.947
-0.134,-0.051,9.963
-0.161,-0.075,9.942
-0.163,-0.049,9.983
-0.161,-0.054,9.975
-0.13,-0.09,9.98
-0.132,-0.049,9.925
-0.187,-0.051,9.968
-0.156,-0.078,9.99
-0.175,-0.07,9.956
-0.168,-0.114,9.966
-0.137,-0.051,9.98
-0.156,-0.082,9.971
-0.142,-0.075,9.995
-0.149,-0.066,9.961
-0.146,-0.058,9.93
-0.178,-0.085,9.968
-0.118,-0.125,9.98
-0.113,-0.106,9.956
-0.123,-0.049,9.973
-0.156,-0.046,9.949
-0.154,-0.066,9.983
-0.132,-0.092,9.916
-0.151,-0.082,9.987
-0.13,-0.09,9.992
0.013,-0.046,9.906
-0.281,-0.037,10.229
-0.163,-0.068,10.315
-0.118,-0.061,9.683
-0.146,-0.102,9.729
-0.192,-0.092,10.277
-0.125,-0.116,10.153
-0.099,-0.03,9.71
-0.194,-0.094,9.942
-0.18,-0.118,10.234
-0.137,-0.073,9.942
-0.111,-0.063,9.746
-0.149,-0.051,9.997
-0.154,-0.049,10.109
-0.19,-0.058,9.853
-0.166,-0.075,9.872
-0.127,-0.092,10.054
-0.158,-0.099,10.021
-0.156,-0.061,9.865
-0.161,-0.063,9.949
-0.163,-0.075,10.076
-0.161,-0.063,9.928
-0.161,-0.106,9.904
-0.197,-0.035,9.942
-0.137,-0.056,10.021
-0.115,-0.02,9.973
-0.146,-0.092,9.947
-0.185,-0.066,9.968
-0.146,-0.085,9.985
-0.127,-0.056,9.971
-0.132,-0.082,9.949
-0.158,-0.049,9.968
-0.158,-0.125,9.949
-0.132,-0.015,9.961
-0.127,-0.073,9.99
-0.17,-0.039,9.956
-0.151,-0.09,9.959
-0.158,-0.07,10.026
-0.123,-0.078,9.939
-0.115,-0.099,9.973
-0.168,-0.061,9.963
-0.115,-0.097,9.939
-0.154,-0.102,9.944
-0.12,-0.056,9.973
-0.168,-0.044,9.999
-0.103,-0.051,9.949
-0.144,-0.099,9.93
-0.149,-0.08,9.975
-0.144,-0.054,9.935
-0.158,-0.066,9.961
-0.137,-0.082,9.98
-0.125,-0.063,9.947
-0.185,-0.092,9.949
-0.137,-0.082,9.949
-0.156,-0.082,9.985
-0.154,-0.013,9.992
-0.12,-0.078,9.983
-0.142,-0.063,9.971
-0.144,-0.075,9.961
-0.132,-0.037,9.992
-0.142,-0.054,9.963
-0.13,-0.035,9.966
-0.151,-0.121,9.959
